hour,dayofweek,quarter,month,year,dayofyear,dayofmonth,weekofyear,datetime,app_id,sid,pred_req_vol,pred_err_cnt,pred_resp_time,Req_Vol_Lower,Req_Vol_Upper,Req_Vol_Conf_score,Resp_Time_Lower,Resp_Time_Upper,Resp_Time_Conf_score,Err_Cnt_Lower,Err_Cnt_Upper,Err_Cnt_Conf_score,Timestamp,total_req_count,error_count,resp_time_sum
11.0,0.0,4.0,12.0,2023.0,345.0,11.0,50,2023-12-11 11:00:00,753,1008,8714885.0,187664.0,143055.16,8714885.0,8714885.0,0.0,143055.15625,143055.15625,0.0,187664.0,196608.0,8944.0,1702292400000,,,
11.0,0.0,4.0,12.0,2023.0,345.0,11.0,50,2023-12-11 11:05:00,753,1008,8714885.0,187664.0,143055.16,8714885.0,8714885.0,0.0,143055.15625,143055.15625,0.0,187664.0,196608.0,8944.0,1702292700000,,,
11.0,0.0,4.0,12.0,2023.0,345.0,11.0,50,2023-12-11 11:10:00,753,1008,8714885.0,187664.0,143055.16,8714885.0,8714885.0,0.0,143055.15625,143055.15625,0.0,187664.0,196608.0,8944.0,1702293000000,,,
11.0,0.0,4.0,12.0,2023.0,345.0,11.0,50,2023-12-11 11:15:00,753,1008,8714885.0,187664.0,143055.16,8714885.0,8714885.0,0.0,143055.15625,143055.15625,0.0,187664.0,196608.0,8944.0,1702293300000,,,
11.0,0.0,4.0,12.0,2023.0,345.0,11.0,50,2023-12-11 11:20:00,753,1008,8714885.0,187664.0,143055.16,8714885.0,8714885.0,0.0,143055.15625,143055.15625,0.0,187664.0,196608.0,8944.0,1702293600000,,,
11.0,0.0,4.0,12.0,2023.0,345.0,11.0,50,2023-12-11 11:25:00,753,1008,8714885.0,187664.0,143055.16,8714885.0,8714885.0,0.0,143055.15625,143055.15625,0.0,187664.0,196608.0,8944.0,1702293900000,,,
11.0,0.0,4.0,12.0,2023.0,345.0,11.0,50,2023-12-11 11:30:00,753,1008,8714885.0,187664.0,143055.16,8714885.0,8714885.0,0.0,143055.15625,143055.15625,0.0,187664.0,196608.0,8944.0,1702294200000,,,
11.0,0.0,4.0,12.0,2023.0,345.0,11.0,50,2023-12-11 11:35:00,753,1008,8714885.0,187664.0,143055.16,8714885.0,8714885.0,0.0,143055.15625,143055.15625,0.0,187664.0,196608.0,8944.0,1702294500000,,,
11.0,0.0,4.0,12.0,2023.0,345.0,11.0,50,2023-12-11 11:40:00,753,1008,8714885.0,187664.0,143055.16,8714885.0,8714885.0,0.0,143055.15625,143055.15625,0.0,187664.0,196608.0,8944.0,1702294800000,,,
11.0,0.0,4.0,12.0,2023.0,345.0,11.0,50,2023-12-11 11:45:00,753,1008,8714885.0,187664.0,143055.16,8714885.0,8714885.0,0.0,143055.15625,143055.15625,0.0,187664.0,196608.0,8944.0,1702295100000,,,
11.0,0.0,4.0,12.0,2023.0,345.0,11.0,50,2023-12-11 11:50:00,753,1008,8714885.0,187664.0,143055.16,8714885.0,8714885.0,0.0,143055.15625,143055.15625,0.0,187664.0,196608.0,8944.0,1702295400000,,,
11.0,0.0,4.0,12.0,2023.0,345.0,11.0,50,2023-12-11 11:55:00,753,1008,8714885.0,187664.0,143055.16,8714885.0,8714885.0,0.0,143055.15625,143055.15625,0.0,187664.0,196608.0,8944.0,1702295700000,,,
12.0,0.0,4.0,12.0,2023.0,345.0,11.0,50,2023-12-11 12:00:00,753,1008,8714885.0,187664.0,143055.16,8714885.0,8714885.0,0.0,143055.15625,143055.15625,0.0,187664.0,196608.0,8944.0,1702296000000,,,
12.0,0.0,4.0,12.0,2023.0,345.0,11.0,50,2023-12-11 12:05:00,753,1008,8714885.0,187664.0,143055.16,8714885.0,8714885.0,0.0,143055.15625,143055.15625,0.0,187664.0,196608.0,8944.0,1702296300000,,,
12.0,0.0,4.0,12.0,2023.0,345.0,11.0,50,2023-12-11 12:10:00,753,1008,8714885.0,187664.0,143055.16,8714885.0,8714885.0,0.0,143055.15625,143055.15625,0.0,187664.0,196608.0,8944.0,1702296600000,,,
12.0,0.0,4.0,12.0,2023.0,345.0,11.0,50,2023-12-11 12:15:00,753,1008,8714885.0,187664.0,143055.16,8714885.0,8714885.0,0.0,143055.15625,143055.15625,0.0,187664.0,196608.0,8944.0,1702296900000,,,
12.0,0.0,4.0,12.0,2023.0,345.0,11.0,50,2023-12-11 12:20:00,753,1008,8714885.0,187664.0,143055.16,8714885.0,8714885.0,0.0,143055.15625,143055.15625,0.0,187664.0,196608.0,8944.0,1702297200000,,,
12.0,0.0,4.0,12.0,2023.0,345.0,11.0,50,2023-12-11 12:25:00,753,1008,8714885.0,187664.0,143055.16,8714885.0,8714885.0,0.0,143055.15625,143055.15625,0.0,187664.0,196608.0,8944.0,1702297500000,,,
12.0,0.0,4.0,12.0,2023.0,345.0,11.0,50,2023-12-11 12:30:00,753,1008,8714885.0,187664.0,143055.16,8714885.0,8714885.0,0.0,143055.15625,143055.15625,0.0,187664.0,196608.0,8944.0,1702297800000,,,
12.0,0.0,4.0,12.0,2023.0,345.0,11.0,50,2023-12-11 12:35:00,753,1008,8714885.0,187664.0,143055.16,8714885.0,8714885.0,0.0,143055.15625,143055.15625,0.0,187664.0,196608.0,8944.0,1702298100000,,,
12.0,0.0,4.0,12.0,2023.0,345.0,11.0,50,2023-12-11 12:40:00,753,1008,8714885.0,187664.0,143055.16,8714885.0,8714885.0,0.0,143055.15625,143055.15625,0.0,187664.0,196608.0,8944.0,1702298400000,,,
12.0,0.0,4.0,12.0,2023.0,345.0,11.0,50,2023-12-11 12:45:00,753,1008,8714885.0,187664.0,143055.16,8714885.0,8714885.0,0.0,143055.15625,143055.15625,0.0,187664.0,196608.0,8944.0,1702298700000,,,
12.0,0.0,4.0,12.0,2023.0,345.0,11.0,50,2023-12-11 12:50:00,753,1008,8714885.0,187664.0,143055.16,8714885.0,8714885.0,0.0,143055.15625,143055.15625,0.0,187664.0,196608.0,8944.0,1702299000000,,,
12.0,0.0,4.0,12.0,2023.0,345.0,11.0,50,2023-12-11 12:55:00,753,1008,8714885.0,187664.0,143055.16,8714885.0,8714885.0,0.0,143055.15625,143055.15625,0.0,187664.0,196608.0,8944.0,1702299300000,,,
13.0,0.0,4.0,12.0,2023.0,345.0,11.0,50,2023-12-11 13:00:00,753,1008,8714885.0,187664.0,143055.16,8714885.0,8714885.0,0.0,143055.15625,143055.15625,0.0,187664.0,196608.0,8944.0,1702299600000,,,
13.0,0.0,4.0,12.0,2023.0,345.0,11.0,50,2023-12-11 13:05:00,753,1008,8714885.0,187664.0,143055.16,8714885.0,8714885.0,0.0,143055.15625,143055.15625,0.0,187664.0,196608.0,8944.0,1702299900000,,,
13.0,0.0,4.0,12.0,2023.0,345.0,11.0,50,2023-12-11 13:10:00,753,1008,8714885.0,187664.0,143055.16,8714885.0,8714885.0,0.0,143055.15625,143055.15625,0.0,187664.0,196608.0,8944.0,1702300200000,,,
13.0,0.0,4.0,12.0,2023.0,345.0,11.0,50,2023-12-11 13:15:00,753,1008,8714885.0,187664.0,143055.16,8714885.0,8714885.0,0.0,143055.15625,143055.15625,0.0,187664.0,196608.0,8944.0,1702300500000,,,
13.0,0.0,4.0,12.0,2023.0,345.0,11.0,50,2023-12-11 13:20:00,753,1008,8714885.0,187664.0,143055.16,8714885.0,8714885.0,0.0,143055.15625,143055.15625,0.0,187664.0,196608.0,8944.0,1702300800000,,,
13.0,0.0,4.0,12.0,2023.0,345.0,11.0,50,2023-12-11 13:25:00,753,1008,8714885.0,187664.0,143055.16,8714885.0,8714885.0,0.0,143055.15625,143055.15625,0.0,187664.0,196608.0,8944.0,1702301100000,,,
13.0,0.0,4.0,12.0,2023.0,345.0,11.0,50,2023-12-11 13:30:00,753,1008,8714885.0,187664.0,143055.16,8714885.0,8714885.0,0.0,143055.15625,143055.15625,0.0,187664.0,196608.0,8944.0,1702301400000,,,
13.0,0.0,4.0,12.0,2023.0,345.0,11.0,50,2023-12-11 13:35:00,753,1008,8714885.0,187664.0,143055.16,8714885.0,8714885.0,0.0,143055.15625,143055.15625,0.0,187664.0,196608.0,8944.0,1702301700000,,,
13.0,0.0,4.0,12.0,2023.0,345.0,11.0,50,2023-12-11 13:40:00,753,1008,8714885.0,187664.0,143055.16,8714885.0,8714885.0,0.0,143055.15625,143055.15625,0.0,187664.0,196608.0,8944.0,1702302000000,,,
13.0,0.0,4.0,12.0,2023.0,345.0,11.0,50,2023-12-11 13:45:00,753,1008,8714885.0,187664.0,143055.16,8714885.0,8714885.0,0.0,143055.15625,143055.15625,0.0,187664.0,196608.0,8944.0,1702302300000,,,
13.0,0.0,4.0,12.0,2023.0,345.0,11.0,50,2023-12-11 13:50:00,753,1008,8714885.0,187664.0,143055.16,8714885.0,8714885.0,0.0,143055.15625,143055.15625,0.0,187664.0,196608.0,8944.0,1702302600000,,,
13.0,0.0,4.0,12.0,2023.0,345.0,11.0,50,2023-12-11 13:55:00,753,1008,8714885.0,187664.0,143055.16,8714885.0,8714885.0,0.0,143055.15625,143055.15625,0.0,187664.0,196608.0,8944.0,1702302900000,,,
14.0,0.0,4.0,12.0,2023.0,345.0,11.0,50,2023-12-11 14:00:00,753,1008,8714885.0,187664.0,143055.16,8714885.0,8714885.0,0.0,143055.15625,143055.15625,0.0,187664.0,196608.0,8944.0,1702303200000,,,
14.0,0.0,4.0,12.0,2023.0,345.0,11.0,50,2023-12-11 14:05:00,753,1008,8714885.0,187664.0,143055.16,8714885.0,8714885.0,0.0,143055.15625,143055.15625,0.0,187664.0,196608.0,8944.0,1702303500000,,,
14.0,0.0,4.0,12.0,2023.0,345.0,11.0,50,2023-12-11 14:10:00,753,1008,8714885.0,187664.0,143055.16,8714885.0,8714885.0,0.0,143055.15625,143055.15625,0.0,187664.0,196608.0,8944.0,1702303800000,,,
14.0,0.0,4.0,12.0,2023.0,345.0,11.0,50,2023-12-11 14:15:00,753,1008,8714885.0,187664.0,143055.16,8714885.0,8714885.0,0.0,143055.15625,143055.15625,0.0,187664.0,196608.0,8944.0,1702304100000,,,
14.0,0.0,4.0,12.0,2023.0,345.0,11.0,50,2023-12-11 14:20:00,753,1008,8714885.0,187664.0,143055.16,8714885.0,8714885.0,0.0,143055.15625,143055.15625,0.0,187664.0,196608.0,8944.0,1702304400000,,,
14.0,0.0,4.0,12.0,2023.0,345.0,11.0,50,2023-12-11 14:25:00,753,1008,8714885.0,187664.0,143055.16,8714885.0,8714885.0,0.0,143055.15625,143055.15625,0.0,187664.0,196608.0,8944.0,1702304700000,,,
14.0,0.0,4.0,12.0,2023.0,345.0,11.0,50,2023-12-11 14:30:00,753,1008,8714885.0,187664.0,143055.16,8714885.0,8714885.0,0.0,143055.15625,143055.15625,0.0,187664.0,196608.0,8944.0,1702305000000,,,
14.0,0.0,4.0,12.0,2023.0,345.0,11.0,50,2023-12-11 14:35:00,753,1008,8714885.0,187664.0,143055.16,8714885.0,8714885.0,0.0,143055.15625,143055.15625,0.0,187664.0,196608.0,8944.0,1702305300000,,,
14.0,0.0,4.0,12.0,2023.0,345.0,11.0,50,2023-12-11 14:40:00,753,1008,8714885.0,187664.0,143055.16,8714885.0,8714885.0,0.0,143055.15625,143055.15625,0.0,187664.0,196608.0,8944.0,1702305600000,,,
14.0,0.0,4.0,12.0,2023.0,345.0,11.0,50,2023-12-11 14:45:00,753,1008,8714885.0,187664.0,143055.16,8714885.0,8714885.0,0.0,143055.15625,143055.15625,0.0,187664.0,196608.0,8944.0,1702305900000,,,
14.0,0.0,4.0,12.0,2023.0,345.0,11.0,50,2023-12-11 14:50:00,753,1008,8714885.0,187664.0,143055.16,8714885.0,8714885.0,0.0,143055.15625,143055.15625,0.0,187664.0,196608.0,8944.0,1702306200000,,,
14.0,0.0,4.0,12.0,2023.0,345.0,11.0,50,2023-12-11 14:55:00,753,1008,8714885.0,187664.0,143055.16,8714885.0,8714885.0,0.0,143055.15625,143055.15625,0.0,187664.0,196608.0,8944.0,1702306500000,,,
15.0,0.0,4.0,12.0,2023.0,345.0,11.0,50,2023-12-11 15:00:00,753,1008,8714885.0,187664.0,143055.16,8714885.0,8714885.0,0.0,143055.15625,143055.15625,0.0,187664.0,196608.0,8944.0,1702306800000,,,
15.0,0.0,4.0,12.0,2023.0,345.0,11.0,50,2023-12-11 15:05:00,753,1008,8714885.0,187664.0,143055.16,8714885.0,8714885.0,0.0,143055.15625,143055.15625,0.0,187664.0,196608.0,8944.0,1702307100000,,,
15.0,0.0,4.0,12.0,2023.0,345.0,11.0,50,2023-12-11 15:10:00,753,1008,8714885.0,187664.0,143055.16,8714885.0,8714885.0,0.0,143055.15625,143055.15625,0.0,187664.0,196608.0,8944.0,1702307400000,,,
15.0,0.0,4.0,12.0,2023.0,345.0,11.0,50,2023-12-11 15:15:00,753,1008,8714885.0,187664.0,143055.16,8714885.0,8714885.0,0.0,143055.15625,143055.15625,0.0,187664.0,196608.0,8944.0,1702307700000,,,
15.0,0.0,4.0,12.0,2023.0,345.0,11.0,50,2023-12-11 15:20:00,753,1008,8714885.0,187664.0,143055.16,8714885.0,8714885.0,0.0,143055.15625,143055.15625,0.0,187664.0,196608.0,8944.0,1702308000000,,,
15.0,0.0,4.0,12.0,2023.0,345.0,11.0,50,2023-12-11 15:25:00,753,1008,8714885.0,187664.0,143055.16,8714885.0,8714885.0,0.0,143055.15625,143055.15625,0.0,187664.0,196608.0,8944.0,1702308300000,,,
15.0,0.0,4.0,12.0,2023.0,345.0,11.0,50,2023-12-11 15:30:00,753,1008,8714885.0,187664.0,143055.16,8714885.0,8714885.0,0.0,143055.15625,143055.15625,0.0,187664.0,196608.0,8944.0,1702308600000,,,
15.0,0.0,4.0,12.0,2023.0,345.0,11.0,50,2023-12-11 15:35:00,753,1008,8714885.0,187664.0,143055.16,8714885.0,8714885.0,0.0,143055.15625,143055.15625,0.0,187664.0,196608.0,8944.0,1702308900000,,,
15.0,0.0,4.0,12.0,2023.0,345.0,11.0,50,2023-12-11 15:40:00,753,1008,8714885.0,187664.0,143055.16,8714885.0,8714885.0,0.0,143055.15625,143055.15625,0.0,187664.0,196608.0,8944.0,1702309200000,,,
15.0,0.0,4.0,12.0,2023.0,345.0,11.0,50,2023-12-11 15:45:00,753,1008,8714885.0,187664.0,143055.16,8714885.0,8714885.0,0.0,143055.15625,143055.15625,0.0,187664.0,196608.0,8944.0,1702309500000,,,
15.0,0.0,4.0,12.0,2023.0,345.0,11.0,50,2023-12-11 15:50:00,753,1008,8714885.0,187664.0,143055.16,8714885.0,8714885.0,0.0,143055.15625,143055.15625,0.0,187664.0,196608.0,8944.0,1702309800000,,,
15.0,0.0,4.0,12.0,2023.0,345.0,11.0,50,2023-12-11 15:55:00,753,1008,8714885.0,187664.0,143055.16,8714885.0,8714885.0,0.0,143055.15625,143055.15625,0.0,187664.0,196608.0,8944.0,1702310100000,,,
16.0,0.0,4.0,12.0,2023.0,345.0,11.0,50,2023-12-11 16:00:00,753,1008,8714885.0,187664.0,143055.16,8714885.0,8714885.0,0.0,143055.15625,143055.15625,0.0,187664.0,196608.0,8944.0,1702310400000,,,
16.0,0.0,4.0,12.0,2023.0,345.0,11.0,50,2023-12-11 16:05:00,753,1008,8714885.0,187664.0,143055.16,8714885.0,8714885.0,0.0,143055.15625,143055.15625,0.0,187664.0,196608.0,8944.0,1702310700000,,,
16.0,0.0,4.0,12.0,2023.0,345.0,11.0,50,2023-12-11 16:10:00,753,1008,8714885.0,187664.0,143055.16,8714885.0,8714885.0,0.0,143055.15625,143055.15625,0.0,187664.0,196608.0,8944.0,1702311000000,,,
16.0,0.0,4.0,12.0,2023.0,345.0,11.0,50,2023-12-11 16:15:00,753,1008,8714885.0,187664.0,143055.16,8714885.0,8714885.0,0.0,143055.15625,143055.15625,0.0,187664.0,196608.0,8944.0,1702311300000,,,
16.0,0.0,4.0,12.0,2023.0,345.0,11.0,50,2023-12-11 16:20:00,753,1008,8714885.0,187664.0,143055.16,8714885.0,8714885.0,0.0,143055.15625,143055.15625,0.0,187664.0,196608.0,8944.0,1702311600000,,,
16.0,0.0,4.0,12.0,2023.0,345.0,11.0,50,2023-12-11 16:25:00,753,1008,8714885.0,187664.0,143055.16,8714885.0,8714885.0,0.0,143055.15625,143055.15625,0.0,187664.0,196608.0,8944.0,1702311900000,,,
16.0,0.0,4.0,12.0,2023.0,345.0,11.0,50,2023-12-11 16:30:00,753,1008,8714885.0,187664.0,143055.16,8714885.0,8714885.0,0.0,143055.15625,143055.15625,0.0,187664.0,196608.0,8944.0,1702312200000,,,
16.0,0.0,4.0,12.0,2023.0,345.0,11.0,50,2023-12-11 16:35:00,753,1008,8714885.0,187664.0,143055.16,8714885.0,8714885.0,0.0,143055.15625,143055.15625,0.0,187664.0,196608.0,8944.0,1702312500000,,,
16.0,0.0,4.0,12.0,2023.0,345.0,11.0,50,2023-12-11 16:40:00,753,1008,8714885.0,187664.0,143055.16,8714885.0,8714885.0,0.0,143055.15625,143055.15625,0.0,187664.0,196608.0,8944.0,1702312800000,,,
16.0,0.0,4.0,12.0,2023.0,345.0,11.0,50,2023-12-11 16:45:00,753,1008,8714885.0,187664.0,143055.16,8714885.0,8714885.0,0.0,143055.15625,143055.15625,0.0,187664.0,196608.0,8944.0,1702313100000,,,
16.0,0.0,4.0,12.0,2023.0,345.0,11.0,50,2023-12-11 16:50:00,753,1008,8714885.0,187664.0,143055.16,8714885.0,8714885.0,0.0,143055.15625,143055.15625,0.0,187664.0,196608.0,8944.0,1702313400000,,,
16.0,0.0,4.0,12.0,2023.0,345.0,11.0,50,2023-12-11 16:55:00,753,1008,8714885.0,187664.0,143055.16,8714885.0,8714885.0,0.0,143055.15625,143055.15625,0.0,187664.0,196608.0,8944.0,1702313700000,,,
17.0,0.0,4.0,12.0,2023.0,345.0,11.0,50,2023-12-11 17:00:00,753,1008,8714885.0,187664.0,143055.16,8714885.0,8714885.0,0.0,143055.15625,143055.15625,0.0,187664.0,196608.0,8944.0,1702314000000,,,
17.0,0.0,4.0,12.0,2023.0,345.0,11.0,50,2023-12-11 17:05:00,753,1008,8714885.0,187664.0,143055.16,8714885.0,8714885.0,0.0,143055.15625,143055.15625,0.0,187664.0,196608.0,8944.0,1702314300000,,,
17.0,0.0,4.0,12.0,2023.0,345.0,11.0,50,2023-12-11 17:10:00,753,1008,8714885.0,187664.0,143055.16,8714885.0,8714885.0,0.0,143055.15625,143055.15625,0.0,187664.0,196608.0,8944.0,1702314600000,,,
17.0,0.0,4.0,12.0,2023.0,345.0,11.0,50,2023-12-11 17:15:00,753,1008,8714885.0,187664.0,143055.16,8714885.0,8714885.0,0.0,143055.15625,143055.15625,0.0,187664.0,196608.0,8944.0,1702314900000,,,
17.0,0.0,4.0,12.0,2023.0,345.0,11.0,50,2023-12-11 17:20:00,753,1008,8714885.0,187664.0,143055.16,8714885.0,8714885.0,0.0,143055.15625,143055.15625,0.0,187664.0,196608.0,8944.0,1702315200000,,,
17.0,0.0,4.0,12.0,2023.0,345.0,11.0,50,2023-12-11 17:25:00,753,1008,8714885.0,187664.0,143055.16,8714885.0,8714885.0,0.0,143055.15625,143055.15625,0.0,187664.0,196608.0,8944.0,1702315500000,,,
17.0,0.0,4.0,12.0,2023.0,345.0,11.0,50,2023-12-11 17:30:00,753,1008,8714885.0,187664.0,143055.16,8714885.0,8714885.0,0.0,143055.15625,143055.15625,0.0,187664.0,196608.0,8944.0,1702315800000,,,
17.0,0.0,4.0,12.0,2023.0,345.0,11.0,50,2023-12-11 17:35:00,753,1008,8714885.0,187664.0,143055.16,8714885.0,8714885.0,0.0,143055.15625,143055.15625,0.0,187664.0,196608.0,8944.0,1702316100000,,,
17.0,0.0,4.0,12.0,2023.0,345.0,11.0,50,2023-12-11 17:40:00,753,1008,8714885.0,187664.0,143055.16,8714885.0,8714885.0,0.0,143055.15625,143055.15625,0.0,187664.0,196608.0,8944.0,1702316400000,,,
17.0,0.0,4.0,12.0,2023.0,345.0,11.0,50,2023-12-11 17:45:00,753,1008,8714885.0,187664.0,143055.16,8714885.0,8714885.0,0.0,143055.15625,143055.15625,0.0,187664.0,196608.0,8944.0,1702316700000,,,
17.0,0.0,4.0,12.0,2023.0,345.0,11.0,50,2023-12-11 17:50:00,753,1008,8714885.0,187664.0,143055.16,8714885.0,8714885.0,0.0,143055.15625,143055.15625,0.0,187664.0,196608.0,8944.0,1702317000000,,,
17.0,0.0,4.0,12.0,2023.0,345.0,11.0,50,2023-12-11 17:55:00,753,1008,8714885.0,187664.0,143055.16,8714885.0,8714885.0,0.0,143055.15625,143055.15625,0.0,187664.0,196608.0,8944.0,1702317300000,,,
18.0,0.0,4.0,12.0,2023.0,345.0,11.0,50,2023-12-11 18:00:00,753,1008,8714885.0,187664.0,143055.16,8714885.0,8714885.0,0.0,143055.15625,143055.15625,0.0,187664.0,196608.0,8944.0,1702317600000,,,
18.0,0.0,4.0,12.0,2023.0,345.0,11.0,50,2023-12-11 18:05:00,753,1008,8714885.0,187664.0,143055.16,8714885.0,8714885.0,0.0,143055.15625,143055.15625,0.0,187664.0,196608.0,8944.0,1702317900000,,,
18.0,0.0,4.0,12.0,2023.0,345.0,11.0,50,2023-12-11 18:10:00,753,1008,8714885.0,187664.0,143055.16,8714885.0,8714885.0,0.0,143055.15625,143055.15625,0.0,187664.0,196608.0,8944.0,1702318200000,,,
18.0,0.0,4.0,12.0,2023.0,345.0,11.0,50,2023-12-11 18:15:00,753,1008,8714885.0,187664.0,143055.16,8714885.0,8714885.0,0.0,143055.15625,143055.15625,0.0,187664.0,196608.0,8944.0,1702318500000,,,
18.0,0.0,4.0,12.0,2023.0,345.0,11.0,50,2023-12-11 18:20:00,753,1008,8714885.0,187664.0,143055.16,8714885.0,8714885.0,0.0,143055.15625,143055.15625,0.0,187664.0,196608.0,8944.0,1702318800000,,,
18.0,0.0,4.0,12.0,2023.0,345.0,11.0,50,2023-12-11 18:25:00,753,1008,8714885.0,187664.0,143055.16,8714885.0,8714885.0,0.0,143055.15625,143055.15625,0.0,187664.0,196608.0,8944.0,1702319100000,,,
18.0,0.0,4.0,12.0,2023.0,345.0,11.0,50,2023-12-11 18:30:00,753,1008,8714885.0,187664.0,143055.16,8714885.0,8714885.0,0.0,143055.15625,143055.15625,0.0,187664.0,196608.0,8944.0,1702319400000,,,
18.0,0.0,4.0,12.0,2023.0,345.0,11.0,50,2023-12-11 18:35:00,753,1008,8714885.0,187664.0,143055.16,8714885.0,8714885.0,0.0,143055.15625,143055.15625,0.0,187664.0,196608.0,8944.0,1702319700000,,,
18.0,0.0,4.0,12.0,2023.0,345.0,11.0,50,2023-12-11 18:40:00,753,1008,8714885.0,187664.0,143055.16,8714885.0,8714885.0,0.0,143055.15625,143055.15625,0.0,187664.0,196608.0,8944.0,1702320000000,,,
18.0,0.0,4.0,12.0,2023.0,345.0,11.0,50,2023-12-11 18:45:00,753,1008,8714885.0,187664.0,143055.16,8714885.0,8714885.0,0.0,143055.15625,143055.15625,0.0,187664.0,196608.0,8944.0,1702320300000,,,
18.0,0.0,4.0,12.0,2023.0,345.0,11.0,50,2023-12-11 18:50:00,753,1008,8714885.0,187664.0,143055.16,8714885.0,8714885.0,0.0,143055.15625,143055.15625,0.0,187664.0,196608.0,8944.0,1702320600000,,,
18.0,0.0,4.0,12.0,2023.0,345.0,11.0,50,2023-12-11 18:55:00,753,1008,8714885.0,187664.0,143055.16,8714885.0,8714885.0,0.0,143055.15625,143055.15625,0.0,187664.0,196608.0,8944.0,1702320900000,,,
19.0,0.0,4.0,12.0,2023.0,345.0,11.0,50,2023-12-11 19:00:00,753,1008,8714885.0,187664.0,143055.16,8714885.0,8714885.0,0.0,143055.15625,143055.15625,0.0,187664.0,196608.0,8944.0,1702321200000,,,
19.0,0.0,4.0,12.0,2023.0,345.0,11.0,50,2023-12-11 19:05:00,753,1008,8714885.0,187664.0,143055.16,8714885.0,8714885.0,0.0,143055.15625,143055.15625,0.0,187664.0,196608.0,8944.0,1702321500000,,,
19.0,0.0,4.0,12.0,2023.0,345.0,11.0,50,2023-12-11 19:10:00,753,1008,8714885.0,187664.0,143055.16,8714885.0,8714885.0,0.0,143055.15625,143055.15625,0.0,187664.0,196608.0,8944.0,1702321800000,,,
19.0,0.0,4.0,12.0,2023.0,345.0,11.0,50,2023-12-11 19:15:00,753,1008,8714885.0,187664.0,143055.16,8714885.0,8714885.0,0.0,143055.15625,143055.15625,0.0,187664.0,196608.0,8944.0,1702322100000,,,
19.0,0.0,4.0,12.0,2023.0,345.0,11.0,50,2023-12-11 19:20:00,753,1008,8714885.0,187664.0,143055.16,8714885.0,8714885.0,0.0,143055.15625,143055.15625,0.0,187664.0,196608.0,8944.0,1702322400000,,,
19.0,0.0,4.0,12.0,2023.0,345.0,11.0,50,2023-12-11 19:25:00,753,1008,8714885.0,187664.0,143055.16,8714885.0,8714885.0,0.0,143055.15625,143055.15625,0.0,187664.0,196608.0,8944.0,1702322700000,,,
19.0,0.0,4.0,12.0,2023.0,345.0,11.0,50,2023-12-11 19:30:00,753,1008,8714885.0,187664.0,143055.16,8714885.0,8714885.0,0.0,143055.15625,143055.15625,0.0,187664.0,196608.0,8944.0,1702323000000,,,
19.0,0.0,4.0,12.0,2023.0,345.0,11.0,50,2023-12-11 19:35:00,753,1008,8714885.0,187664.0,143055.16,8714885.0,8714885.0,0.0,143055.15625,143055.15625,0.0,187664.0,196608.0,8944.0,1702323300000,,,
19.0,0.0,4.0,12.0,2023.0,345.0,11.0,50,2023-12-11 19:40:00,753,1008,8714885.0,187664.0,143055.16,8714885.0,8714885.0,0.0,143055.15625,143055.15625,0.0,187664.0,196608.0,8944.0,1702323600000,,,
19.0,0.0,4.0,12.0,2023.0,345.0,11.0,50,2023-12-11 19:45:00,753,1008,8714885.0,187664.0,143055.16,8714885.0,8714885.0,0.0,143055.15625,143055.15625,0.0,187664.0,196608.0,8944.0,1702323900000,,,
19.0,0.0,4.0,12.0,2023.0,345.0,11.0,50,2023-12-11 19:50:00,753,1008,8714885.0,187664.0,143055.16,8714885.0,8714885.0,0.0,143055.15625,143055.15625,0.0,187664.0,196608.0,8944.0,1702324200000,,,
19.0,0.0,4.0,12.0,2023.0,345.0,11.0,50,2023-12-11 19:55:00,753,1008,8714885.0,187664.0,143055.16,8714885.0,8714885.0,0.0,143055.15625,143055.15625,0.0,187664.0,196608.0,8944.0,1702324500000,,,
20.0,0.0,4.0,12.0,2023.0,345.0,11.0,50,2023-12-11 20:00:00,753,1008,8714885.0,187664.0,143055.16,8714885.0,8714885.0,0.0,143055.15625,143055.15625,0.0,187664.0,196608.0,8944.0,1702324800000,,,
20.0,0.0,4.0,12.0,2023.0,345.0,11.0,50,2023-12-11 20:05:00,753,1008,8714885.0,187664.0,143055.16,8714885.0,8714885.0,0.0,143055.15625,143055.15625,0.0,187664.0,196608.0,8944.0,1702325100000,,,
20.0,0.0,4.0,12.0,2023.0,345.0,11.0,50,2023-12-11 20:10:00,753,1008,8714885.0,187664.0,143055.16,8714885.0,8714885.0,0.0,143055.15625,143055.15625,0.0,187664.0,196608.0,8944.0,1702325400000,,,
20.0,0.0,4.0,12.0,2023.0,345.0,11.0,50,2023-12-11 20:15:00,753,1008,8714885.0,187664.0,143055.16,8714885.0,8714885.0,0.0,143055.15625,143055.15625,0.0,187664.0,196608.0,8944.0,1702325700000,,,
20.0,0.0,4.0,12.0,2023.0,345.0,11.0,50,2023-12-11 20:20:00,753,1008,8714885.0,187664.0,143055.16,8714885.0,8714885.0,0.0,143055.15625,143055.15625,0.0,187664.0,196608.0,8944.0,1702326000000,,,
20.0,0.0,4.0,12.0,2023.0,345.0,11.0,50,2023-12-11 20:25:00,753,1008,8714885.0,187664.0,143055.16,8714885.0,8714885.0,0.0,143055.15625,143055.15625,0.0,187664.0,196608.0,8944.0,1702326300000,,,
20.0,0.0,4.0,12.0,2023.0,345.0,11.0,50,2023-12-11 20:30:00,753,1008,8714885.0,187664.0,143055.16,8714885.0,8714885.0,0.0,143055.15625,143055.15625,0.0,187664.0,196608.0,8944.0,1702326600000,,,
20.0,0.0,4.0,12.0,2023.0,345.0,11.0,50,2023-12-11 20:35:00,753,1008,8714885.0,187664.0,143055.16,8714885.0,8714885.0,0.0,143055.15625,143055.15625,0.0,187664.0,196608.0,8944.0,1702326900000,,,
20.0,0.0,4.0,12.0,2023.0,345.0,11.0,50,2023-12-11 20:40:00,753,1008,8714885.0,187664.0,143055.16,8714885.0,8714885.0,0.0,143055.15625,143055.15625,0.0,187664.0,196608.0,8944.0,1702327200000,,,
20.0,0.0,4.0,12.0,2023.0,345.0,11.0,50,2023-12-11 20:45:00,753,1008,8714885.0,187664.0,143055.16,8714885.0,8714885.0,0.0,143055.15625,143055.15625,0.0,187664.0,196608.0,8944.0,1702327500000,,,
20.0,0.0,4.0,12.0,2023.0,345.0,11.0,50,2023-12-11 20:50:00,753,1008,8714885.0,187664.0,143055.16,8714885.0,8714885.0,0.0,143055.15625,143055.15625,0.0,187664.0,196608.0,8944.0,1702327800000,,,
20.0,0.0,4.0,12.0,2023.0,345.0,11.0,50,2023-12-11 20:55:00,753,1008,8714885.0,187664.0,143055.16,8714885.0,8714885.0,0.0,143055.15625,143055.15625,0.0,187664.0,196608.0,8944.0,1702328100000,,,
21.0,0.0,4.0,12.0,2023.0,345.0,11.0,50,2023-12-11 21:00:00,753,1008,8714885.0,187664.0,143055.16,8714885.0,8714885.0,0.0,143055.15625,143055.15625,0.0,187664.0,196608.0,8944.0,1702328400000,,,
21.0,0.0,4.0,12.0,2023.0,345.0,11.0,50,2023-12-11 21:05:00,753,1008,8714885.0,187664.0,143055.16,8714885.0,8714885.0,0.0,143055.15625,143055.15625,0.0,187664.0,196608.0,8944.0,1702328700000,,,
21.0,0.0,4.0,12.0,2023.0,345.0,11.0,50,2023-12-11 21:10:00,753,1008,8714885.0,187664.0,143055.16,8714885.0,8714885.0,0.0,143055.15625,143055.15625,0.0,187664.0,196608.0,8944.0,1702329000000,,,
21.0,0.0,4.0,12.0,2023.0,345.0,11.0,50,2023-12-11 21:15:00,753,1008,8714885.0,187664.0,143055.16,8714885.0,8714885.0,0.0,143055.15625,143055.15625,0.0,187664.0,196608.0,8944.0,1702329300000,,,
21.0,0.0,4.0,12.0,2023.0,345.0,11.0,50,2023-12-11 21:20:00,753,1008,8714885.0,187664.0,143055.16,8714885.0,8714885.0,0.0,143055.15625,143055.15625,0.0,187664.0,196608.0,8944.0,1702329600000,,,
21.0,0.0,4.0,12.0,2023.0,345.0,11.0,50,2023-12-11 21:25:00,753,1008,8714885.0,187664.0,143055.16,8714885.0,8714885.0,0.0,143055.15625,143055.15625,0.0,187664.0,196608.0,8944.0,1702329900000,,,
21.0,0.0,4.0,12.0,2023.0,345.0,11.0,50,2023-12-11 21:30:00,753,1008,8714885.0,187664.0,143055.16,8714885.0,8714885.0,0.0,143055.15625,143055.15625,0.0,187664.0,196608.0,8944.0,1702330200000,,,
21.0,0.0,4.0,12.0,2023.0,345.0,11.0,50,2023-12-11 21:35:00,753,1008,8714885.0,187664.0,143055.16,8714885.0,8714885.0,0.0,143055.15625,143055.15625,0.0,187664.0,196608.0,8944.0,1702330500000,,,
21.0,0.0,4.0,12.0,2023.0,345.0,11.0,50,2023-12-11 21:40:00,753,1008,8714885.0,187664.0,143055.16,8714885.0,8714885.0,0.0,143055.15625,143055.15625,0.0,187664.0,196608.0,8944.0,1702330800000,,,
21.0,0.0,4.0,12.0,2023.0,345.0,11.0,50,2023-12-11 21:45:00,753,1008,8714885.0,187664.0,143055.16,8714885.0,8714885.0,0.0,143055.15625,143055.15625,0.0,187664.0,196608.0,8944.0,1702331100000,,,
21.0,0.0,4.0,12.0,2023.0,345.0,11.0,50,2023-12-11 21:50:00,753,1008,8714885.0,187664.0,143055.16,8714885.0,8714885.0,0.0,143055.15625,143055.15625,0.0,187664.0,196608.0,8944.0,1702331400000,,,
21.0,0.0,4.0,12.0,2023.0,345.0,11.0,50,2023-12-11 21:55:00,753,1008,8714885.0,187664.0,143055.16,8714885.0,8714885.0,0.0,143055.15625,143055.15625,0.0,187664.0,196608.0,8944.0,1702331700000,,,
22.0,0.0,4.0,12.0,2023.0,345.0,11.0,50,2023-12-11 22:00:00,753,1008,8714885.0,187664.0,143055.16,8714885.0,8714885.0,0.0,143055.15625,143055.15625,0.0,187664.0,196608.0,8944.0,1702332000000,,,
22.0,0.0,4.0,12.0,2023.0,345.0,11.0,50,2023-12-11 22:05:00,753,1008,8714885.0,187664.0,143055.16,8714885.0,8714885.0,0.0,143055.15625,143055.15625,0.0,187664.0,196608.0,8944.0,1702332300000,,,
22.0,0.0,4.0,12.0,2023.0,345.0,11.0,50,2023-12-11 22:10:00,753,1008,8714885.0,187664.0,143055.16,8714885.0,8714885.0,0.0,143055.15625,143055.15625,0.0,187664.0,196608.0,8944.0,1702332600000,,,
22.0,0.0,4.0,12.0,2023.0,345.0,11.0,50,2023-12-11 22:15:00,753,1008,8714885.0,187664.0,143055.16,8714885.0,8714885.0,0.0,143055.15625,143055.15625,0.0,187664.0,196608.0,8944.0,1702332900000,,,
22.0,0.0,4.0,12.0,2023.0,345.0,11.0,50,2023-12-11 22:20:00,753,1008,8714885.0,187664.0,143055.16,8714885.0,8714885.0,0.0,143055.15625,143055.15625,0.0,187664.0,196608.0,8944.0,1702333200000,,,
22.0,0.0,4.0,12.0,2023.0,345.0,11.0,50,2023-12-11 22:25:00,753,1008,8714885.0,187664.0,143055.16,8714885.0,8714885.0,0.0,143055.15625,143055.15625,0.0,187664.0,196608.0,8944.0,1702333500000,,,
22.0,0.0,4.0,12.0,2023.0,345.0,11.0,50,2023-12-11 22:30:00,753,1008,8714885.0,187664.0,143055.16,8714885.0,8714885.0,0.0,143055.15625,143055.15625,0.0,187664.0,196608.0,8944.0,1702333800000,,,
22.0,0.0,4.0,12.0,2023.0,345.0,11.0,50,2023-12-11 22:35:00,753,1008,8714885.0,187664.0,143055.16,8714885.0,8714885.0,0.0,143055.15625,143055.15625,0.0,187664.0,196608.0,8944.0,1702334100000,,,
22.0,0.0,4.0,12.0,2023.0,345.0,11.0,50,2023-12-11 22:40:00,753,1008,8714885.0,187664.0,143055.16,8714885.0,8714885.0,0.0,143055.15625,143055.15625,0.0,187664.0,196608.0,8944.0,1702334400000,,,
22.0,0.0,4.0,12.0,2023.0,345.0,11.0,50,2023-12-11 22:45:00,753,1008,8714885.0,187664.0,143055.16,8714885.0,8714885.0,0.0,143055.15625,143055.15625,0.0,187664.0,196608.0,8944.0,1702334700000,,,
22.0,0.0,4.0,12.0,2023.0,345.0,11.0,50,2023-12-11 22:50:00,753,1008,8714885.0,187664.0,143055.16,8714885.0,8714885.0,0.0,143055.15625,143055.15625,0.0,187664.0,196608.0,8944.0,1702335000000,,,
22.0,0.0,4.0,12.0,2023.0,345.0,11.0,50,2023-12-11 22:55:00,753,1008,8714885.0,187664.0,143055.16,8714885.0,8714885.0,0.0,143055.15625,143055.15625,0.0,187664.0,196608.0,8944.0,1702335300000,,,
23.0,0.0,4.0,12.0,2023.0,345.0,11.0,50,2023-12-11 23:00:00,753,1008,8714885.0,187664.0,143055.16,8714885.0,8714885.0,0.0,143055.15625,143055.15625,0.0,187664.0,196608.0,8944.0,1702335600000,,,
23.0,0.0,4.0,12.0,2023.0,345.0,11.0,50,2023-12-11 23:05:00,753,1008,8714885.0,187664.0,143055.16,8714885.0,8714885.0,0.0,143055.15625,143055.15625,0.0,187664.0,196608.0,8944.0,1702335900000,,,
23.0,0.0,4.0,12.0,2023.0,345.0,11.0,50,2023-12-11 23:10:00,753,1008,8714885.0,187664.0,143055.16,8714885.0,8714885.0,0.0,143055.15625,143055.15625,0.0,187664.0,196608.0,8944.0,1702336200000,,,
23.0,0.0,4.0,12.0,2023.0,345.0,11.0,50,2023-12-11 23:15:00,753,1008,8714885.0,187664.0,143055.16,8714885.0,8714885.0,0.0,143055.15625,143055.15625,0.0,187664.0,196608.0,8944.0,1702336500000,,,
23.0,0.0,4.0,12.0,2023.0,345.0,11.0,50,2023-12-11 23:20:00,753,1008,8714885.0,187664.0,143055.16,8714885.0,8714885.0,0.0,143055.15625,143055.15625,0.0,187664.0,196608.0,8944.0,1702336800000,,,
23.0,0.0,4.0,12.0,2023.0,345.0,11.0,50,2023-12-11 23:25:00,753,1008,8714885.0,187664.0,143055.16,8714885.0,8714885.0,0.0,143055.15625,143055.15625,0.0,187664.0,196608.0,8944.0,1702337100000,,,
23.0,0.0,4.0,12.0,2023.0,345.0,11.0,50,2023-12-11 23:30:00,753,1008,8714885.0,187664.0,143055.16,8714885.0,8714885.0,0.0,143055.15625,143055.15625,0.0,187664.0,196608.0,8944.0,1702337400000,,,
23.0,0.0,4.0,12.0,2023.0,345.0,11.0,50,2023-12-11 23:35:00,753,1008,8714885.0,187664.0,143055.16,8714885.0,8714885.0,0.0,143055.15625,143055.15625,0.0,187664.0,196608.0,8944.0,1702337700000,,,
23.0,0.0,4.0,12.0,2023.0,345.0,11.0,50,2023-12-11 23:40:00,753,1008,8714885.0,187664.0,143055.16,8714885.0,8714885.0,0.0,143055.15625,143055.15625,0.0,187664.0,196608.0,8944.0,1702338000000,,,
23.0,0.0,4.0,12.0,2023.0,345.0,11.0,50,2023-12-11 23:45:00,753,1008,8714885.0,187664.0,143055.16,8714885.0,8714885.0,0.0,143055.15625,143055.15625,0.0,187664.0,196608.0,8944.0,1702338300000,,,
23.0,0.0,4.0,12.0,2023.0,345.0,11.0,50,2023-12-11 23:50:00,753,1008,8714885.0,187664.0,143055.16,8714885.0,8714885.0,0.0,143055.15625,143055.15625,0.0,187664.0,196608.0,8944.0,1702338600000,,,
23.0,0.0,4.0,12.0,2023.0,345.0,11.0,50,2023-12-11 23:55:00,753,1008,8714885.0,187664.0,143055.16,8714885.0,8714885.0,0.0,143055.15625,143055.15625,0.0,187664.0,196608.0,8944.0,1702338900000,,,
0.0,1.0,4.0,12.0,2023.0,346.0,12.0,50,2023-12-12 00:00:00,753,1008,8714885.0,196608.0,143055.16,8714885.0,8714885.0,0.0,143055.15625,143055.15625,0.0,187664.0,196608.0,8944.0,1702339200000,,,
0.0,1.0,4.0,12.0,2023.0,346.0,12.0,50,2023-12-12 00:05:00,753,1008,8714885.0,196608.0,143055.16,8714885.0,8714885.0,0.0,143055.15625,143055.15625,0.0,187664.0,196608.0,8944.0,1702339500000,,,
0.0,1.0,4.0,12.0,2023.0,346.0,12.0,50,2023-12-12 00:10:00,753,1008,8714885.0,196608.0,143055.16,8714885.0,8714885.0,0.0,143055.15625,143055.15625,0.0,187664.0,196608.0,8944.0,1702339800000,,,
0.0,1.0,4.0,12.0,2023.0,346.0,12.0,50,2023-12-12 00:15:00,753,1008,8714885.0,196608.0,143055.16,8714885.0,8714885.0,0.0,143055.15625,143055.15625,0.0,187664.0,196608.0,8944.0,1702340100000,,,
0.0,1.0,4.0,12.0,2023.0,346.0,12.0,50,2023-12-12 00:20:00,753,1008,8714885.0,196608.0,143055.16,8714885.0,8714885.0,0.0,143055.15625,143055.15625,0.0,187664.0,196608.0,8944.0,1702340400000,,,
0.0,1.0,4.0,12.0,2023.0,346.0,12.0,50,2023-12-12 00:25:00,753,1008,8714885.0,196608.0,143055.16,8714885.0,8714885.0,0.0,143055.15625,143055.15625,0.0,187664.0,196608.0,8944.0,1702340700000,,,
0.0,1.0,4.0,12.0,2023.0,346.0,12.0,50,2023-12-12 00:30:00,753,1008,8714885.0,196608.0,143055.16,8714885.0,8714885.0,0.0,143055.15625,143055.15625,0.0,187664.0,196608.0,8944.0,1702341000000,,,
0.0,1.0,4.0,12.0,2023.0,346.0,12.0,50,2023-12-12 00:35:00,753,1008,8714885.0,196608.0,143055.16,8714885.0,8714885.0,0.0,143055.15625,143055.15625,0.0,187664.0,196608.0,8944.0,1702341300000,,,
0.0,1.0,4.0,12.0,2023.0,346.0,12.0,50,2023-12-12 00:40:00,753,1008,8714885.0,196608.0,143055.16,8714885.0,8714885.0,0.0,143055.15625,143055.15625,0.0,187664.0,196608.0,8944.0,1702341600000,,,
0.0,1.0,4.0,12.0,2023.0,346.0,12.0,50,2023-12-12 00:45:00,753,1008,8714885.0,196608.0,143055.16,8714885.0,8714885.0,0.0,143055.15625,143055.15625,0.0,187664.0,196608.0,8944.0,1702341900000,,,
0.0,1.0,4.0,12.0,2023.0,346.0,12.0,50,2023-12-12 00:50:00,753,1008,8714885.0,196608.0,143055.16,8714885.0,8714885.0,0.0,143055.15625,143055.15625,0.0,187664.0,196608.0,8944.0,1702342200000,,,
0.0,1.0,4.0,12.0,2023.0,346.0,12.0,50,2023-12-12 00:55:00,753,1008,8714885.0,196608.0,143055.16,8714885.0,8714885.0,0.0,143055.15625,143055.15625,0.0,187664.0,196608.0,8944.0,1702342500000,,,
1.0,1.0,4.0,12.0,2023.0,346.0,12.0,50,2023-12-12 01:00:00,753,1008,8714885.0,196608.0,143055.16,8714885.0,8714885.0,0.0,143055.15625,143055.15625,0.0,187664.0,196608.0,8944.0,1702342800000,,,
1.0,1.0,4.0,12.0,2023.0,346.0,12.0,50,2023-12-12 01:05:00,753,1008,8714885.0,196608.0,143055.16,8714885.0,8714885.0,0.0,143055.15625,143055.15625,0.0,187664.0,196608.0,8944.0,1702343100000,,,
1.0,1.0,4.0,12.0,2023.0,346.0,12.0,50,2023-12-12 01:10:00,753,1008,8714885.0,196608.0,143055.16,8714885.0,8714885.0,0.0,143055.15625,143055.15625,0.0,187664.0,196608.0,8944.0,1702343400000,,,
1.0,1.0,4.0,12.0,2023.0,346.0,12.0,50,2023-12-12 01:15:00,753,1008,8714885.0,196608.0,143055.16,8714885.0,8714885.0,0.0,143055.15625,143055.15625,0.0,187664.0,196608.0,8944.0,1702343700000,,,
1.0,1.0,4.0,12.0,2023.0,346.0,12.0,50,2023-12-12 01:20:00,753,1008,8714885.0,196608.0,143055.16,8714885.0,8714885.0,0.0,143055.15625,143055.15625,0.0,187664.0,196608.0,8944.0,1702344000000,,,
1.0,1.0,4.0,12.0,2023.0,346.0,12.0,50,2023-12-12 01:25:00,753,1008,8714885.0,196608.0,143055.16,8714885.0,8714885.0,0.0,143055.15625,143055.15625,0.0,187664.0,196608.0,8944.0,1702344300000,,,
1.0,1.0,4.0,12.0,2023.0,346.0,12.0,50,2023-12-12 01:30:00,753,1008,8714885.0,196608.0,143055.16,8714885.0,8714885.0,0.0,143055.15625,143055.15625,0.0,187664.0,196608.0,8944.0,1702344600000,,,
1.0,1.0,4.0,12.0,2023.0,346.0,12.0,50,2023-12-12 01:35:00,753,1008,8714885.0,196608.0,143055.16,8714885.0,8714885.0,0.0,143055.15625,143055.15625,0.0,187664.0,196608.0,8944.0,1702344900000,,,
1.0,1.0,4.0,12.0,2023.0,346.0,12.0,50,2023-12-12 01:40:00,753,1008,8714885.0,196608.0,143055.16,8714885.0,8714885.0,0.0,143055.15625,143055.15625,0.0,187664.0,196608.0,8944.0,1702345200000,,,
1.0,1.0,4.0,12.0,2023.0,346.0,12.0,50,2023-12-12 01:45:00,753,1008,8714885.0,196608.0,143055.16,8714885.0,8714885.0,0.0,143055.15625,143055.15625,0.0,187664.0,196608.0,8944.0,1702345500000,,,
1.0,1.0,4.0,12.0,2023.0,346.0,12.0,50,2023-12-12 01:50:00,753,1008,8714885.0,196608.0,143055.16,8714885.0,8714885.0,0.0,143055.15625,143055.15625,0.0,187664.0,196608.0,8944.0,1702345800000,,,
1.0,1.0,4.0,12.0,2023.0,346.0,12.0,50,2023-12-12 01:55:00,753,1008,8714885.0,196608.0,143055.16,8714885.0,8714885.0,0.0,143055.15625,143055.15625,0.0,187664.0,196608.0,8944.0,1702346100000,,,
2.0,1.0,4.0,12.0,2023.0,346.0,12.0,50,2023-12-12 02:00:00,753,1008,8714885.0,196608.0,143055.16,8714885.0,8714885.0,0.0,143055.15625,143055.15625,0.0,187664.0,196608.0,8944.0,1702346400000,,,
2.0,1.0,4.0,12.0,2023.0,346.0,12.0,50,2023-12-12 02:05:00,753,1008,8714885.0,196608.0,143055.16,8714885.0,8714885.0,0.0,143055.15625,143055.15625,0.0,187664.0,196608.0,8944.0,1702346700000,,,
2.0,1.0,4.0,12.0,2023.0,346.0,12.0,50,2023-12-12 02:10:00,753,1008,8714885.0,196608.0,143055.16,8714885.0,8714885.0,0.0,143055.15625,143055.15625,0.0,187664.0,196608.0,8944.0,1702347000000,,,
2.0,1.0,4.0,12.0,2023.0,346.0,12.0,50,2023-12-12 02:15:00,753,1008,8714885.0,196608.0,143055.16,8714885.0,8714885.0,0.0,143055.15625,143055.15625,0.0,187664.0,196608.0,8944.0,1702347300000,,,
2.0,1.0,4.0,12.0,2023.0,346.0,12.0,50,2023-12-12 02:20:00,753,1008,8714885.0,196608.0,143055.16,8714885.0,8714885.0,0.0,143055.15625,143055.15625,0.0,187664.0,196608.0,8944.0,1702347600000,,,
2.0,1.0,4.0,12.0,2023.0,346.0,12.0,50,2023-12-12 02:25:00,753,1008,8714885.0,196608.0,143055.16,8714885.0,8714885.0,0.0,143055.15625,143055.15625,0.0,187664.0,196608.0,8944.0,1702347900000,,,
2.0,1.0,4.0,12.0,2023.0,346.0,12.0,50,2023-12-12 02:30:00,753,1008,8714885.0,196608.0,143055.16,8714885.0,8714885.0,0.0,143055.15625,143055.15625,0.0,187664.0,196608.0,8944.0,1702348200000,,,
2.0,1.0,4.0,12.0,2023.0,346.0,12.0,50,2023-12-12 02:35:00,753,1008,8714885.0,196608.0,143055.16,8714885.0,8714885.0,0.0,143055.15625,143055.15625,0.0,187664.0,196608.0,8944.0,1702348500000,,,
2.0,1.0,4.0,12.0,2023.0,346.0,12.0,50,2023-12-12 02:40:00,753,1008,8714885.0,196608.0,143055.16,8714885.0,8714885.0,0.0,143055.15625,143055.15625,0.0,187664.0,196608.0,8944.0,1702348800000,,,
2.0,1.0,4.0,12.0,2023.0,346.0,12.0,50,2023-12-12 02:45:00,753,1008,8714885.0,196608.0,143055.16,8714885.0,8714885.0,0.0,143055.15625,143055.15625,0.0,187664.0,196608.0,8944.0,1702349100000,,,
2.0,1.0,4.0,12.0,2023.0,346.0,12.0,50,2023-12-12 02:50:00,753,1008,8714885.0,196608.0,143055.16,8714885.0,8714885.0,0.0,143055.15625,143055.15625,0.0,187664.0,196608.0,8944.0,1702349400000,,,
2.0,1.0,4.0,12.0,2023.0,346.0,12.0,50,2023-12-12 02:55:00,753,1008,8714885.0,196608.0,143055.16,8714885.0,8714885.0,0.0,143055.15625,143055.15625,0.0,187664.0,196608.0,8944.0,1702349700000,,,
3.0,1.0,4.0,12.0,2023.0,346.0,12.0,50,2023-12-12 03:00:00,753,1008,8714885.0,196608.0,143055.16,8714885.0,8714885.0,0.0,143055.15625,143055.15625,0.0,187664.0,196608.0,8944.0,1702350000000,,,
3.0,1.0,4.0,12.0,2023.0,346.0,12.0,50,2023-12-12 03:05:00,753,1008,8714885.0,196608.0,143055.16,8714885.0,8714885.0,0.0,143055.15625,143055.15625,0.0,187664.0,196608.0,8944.0,1702350300000,,,
3.0,1.0,4.0,12.0,2023.0,346.0,12.0,50,2023-12-12 03:10:00,753,1008,8714885.0,196608.0,143055.16,8714885.0,8714885.0,0.0,143055.15625,143055.15625,0.0,187664.0,196608.0,8944.0,1702350600000,,,
3.0,1.0,4.0,12.0,2023.0,346.0,12.0,50,2023-12-12 03:15:00,753,1008,8714885.0,196608.0,143055.16,8714885.0,8714885.0,0.0,143055.15625,143055.15625,0.0,187664.0,196608.0,8944.0,1702350900000,,,
3.0,1.0,4.0,12.0,2023.0,346.0,12.0,50,2023-12-12 03:20:00,753,1008,8714885.0,196608.0,143055.16,8714885.0,8714885.0,0.0,143055.15625,143055.15625,0.0,187664.0,196608.0,8944.0,1702351200000,,,
3.0,1.0,4.0,12.0,2023.0,346.0,12.0,50,2023-12-12 03:25:00,753,1008,8714885.0,196608.0,143055.16,8714885.0,8714885.0,0.0,143055.15625,143055.15625,0.0,187664.0,196608.0,8944.0,1702351500000,,,
3.0,1.0,4.0,12.0,2023.0,346.0,12.0,50,2023-12-12 03:30:00,753,1008,8714885.0,196608.0,143055.16,8714885.0,8714885.0,0.0,143055.15625,143055.15625,0.0,187664.0,196608.0,8944.0,1702351800000,,,
3.0,1.0,4.0,12.0,2023.0,346.0,12.0,50,2023-12-12 03:35:00,753,1008,8714885.0,196608.0,143055.16,8714885.0,8714885.0,0.0,143055.15625,143055.15625,0.0,187664.0,196608.0,8944.0,1702352100000,,,
3.0,1.0,4.0,12.0,2023.0,346.0,12.0,50,2023-12-12 03:40:00,753,1008,8714885.0,196608.0,143055.16,8714885.0,8714885.0,0.0,143055.15625,143055.15625,0.0,187664.0,196608.0,8944.0,1702352400000,,,
3.0,1.0,4.0,12.0,2023.0,346.0,12.0,50,2023-12-12 03:45:00,753,1008,8714885.0,196608.0,143055.16,8714885.0,8714885.0,0.0,143055.15625,143055.15625,0.0,187664.0,196608.0,8944.0,1702352700000,,,
3.0,1.0,4.0,12.0,2023.0,346.0,12.0,50,2023-12-12 03:50:00,753,1008,8714885.0,196608.0,143055.16,8714885.0,8714885.0,0.0,143055.15625,143055.15625,0.0,187664.0,196608.0,8944.0,1702353000000,,,
3.0,1.0,4.0,12.0,2023.0,346.0,12.0,50,2023-12-12 03:55:00,753,1008,8714885.0,196608.0,143055.16,8714885.0,8714885.0,0.0,143055.15625,143055.15625,0.0,187664.0,196608.0,8944.0,1702353300000,,,
4.0,1.0,4.0,12.0,2023.0,346.0,12.0,50,2023-12-12 04:00:00,753,1008,8714885.0,196608.0,143055.16,8714885.0,8714885.0,0.0,143055.15625,143055.15625,0.0,187664.0,196608.0,8944.0,1702353600000,,,
4.0,1.0,4.0,12.0,2023.0,346.0,12.0,50,2023-12-12 04:05:00,753,1008,8714885.0,196608.0,143055.16,8714885.0,8714885.0,0.0,143055.15625,143055.15625,0.0,187664.0,196608.0,8944.0,1702353900000,,,
4.0,1.0,4.0,12.0,2023.0,346.0,12.0,50,2023-12-12 04:10:00,753,1008,8714885.0,196608.0,143055.16,8714885.0,8714885.0,0.0,143055.15625,143055.15625,0.0,187664.0,196608.0,8944.0,1702354200000,,,
4.0,1.0,4.0,12.0,2023.0,346.0,12.0,50,2023-12-12 04:15:00,753,1008,8714885.0,196608.0,143055.16,8714885.0,8714885.0,0.0,143055.15625,143055.15625,0.0,187664.0,196608.0,8944.0,1702354500000,,,
4.0,1.0,4.0,12.0,2023.0,346.0,12.0,50,2023-12-12 04:20:00,753,1008,8714885.0,196608.0,143055.16,8714885.0,8714885.0,0.0,143055.15625,143055.15625,0.0,187664.0,196608.0,8944.0,1702354800000,,,
4.0,1.0,4.0,12.0,2023.0,346.0,12.0,50,2023-12-12 04:25:00,753,1008,8714885.0,196608.0,143055.16,8714885.0,8714885.0,0.0,143055.15625,143055.15625,0.0,187664.0,196608.0,8944.0,1702355100000,,,
4.0,1.0,4.0,12.0,2023.0,346.0,12.0,50,2023-12-12 04:30:00,753,1008,8714885.0,196608.0,143055.16,8714885.0,8714885.0,0.0,143055.15625,143055.15625,0.0,187664.0,196608.0,8944.0,1702355400000,,,
4.0,1.0,4.0,12.0,2023.0,346.0,12.0,50,2023-12-12 04:35:00,753,1008,8714885.0,196608.0,143055.16,8714885.0,8714885.0,0.0,143055.15625,143055.15625,0.0,187664.0,196608.0,8944.0,1702355700000,,,
4.0,1.0,4.0,12.0,2023.0,346.0,12.0,50,2023-12-12 04:40:00,753,1008,8714885.0,196608.0,143055.16,8714885.0,8714885.0,0.0,143055.15625,143055.15625,0.0,187664.0,196608.0,8944.0,1702356000000,,,
4.0,1.0,4.0,12.0,2023.0,346.0,12.0,50,2023-12-12 04:45:00,753,1008,8714885.0,196608.0,143055.16,8714885.0,8714885.0,0.0,143055.15625,143055.15625,0.0,187664.0,196608.0,8944.0,1702356300000,,,
4.0,1.0,4.0,12.0,2023.0,346.0,12.0,50,2023-12-12 04:50:00,753,1008,8714885.0,196608.0,143055.16,8714885.0,8714885.0,0.0,143055.15625,143055.15625,0.0,187664.0,196608.0,8944.0,1702356600000,,,
4.0,1.0,4.0,12.0,2023.0,346.0,12.0,50,2023-12-12 04:55:00,753,1008,8714885.0,196608.0,143055.16,8714885.0,8714885.0,0.0,143055.15625,143055.15625,0.0,187664.0,196608.0,8944.0,1702356900000,,,
5.0,1.0,4.0,12.0,2023.0,346.0,12.0,50,2023-12-12 05:00:00,753,1008,8714885.0,196608.0,143055.16,8714885.0,8714885.0,0.0,143055.15625,143055.15625,0.0,187664.0,196608.0,8944.0,1702357200000,,,
5.0,1.0,4.0,12.0,2023.0,346.0,12.0,50,2023-12-12 05:05:00,753,1008,8714885.0,196608.0,143055.16,8714885.0,8714885.0,0.0,143055.15625,143055.15625,0.0,187664.0,196608.0,8944.0,1702357500000,,,
5.0,1.0,4.0,12.0,2023.0,346.0,12.0,50,2023-12-12 05:10:00,753,1008,8714885.0,196608.0,143055.16,8714885.0,8714885.0,0.0,143055.15625,143055.15625,0.0,187664.0,196608.0,8944.0,1702357800000,,,
5.0,1.0,4.0,12.0,2023.0,346.0,12.0,50,2023-12-12 05:15:00,753,1008,8714885.0,196608.0,143055.16,8714885.0,8714885.0,0.0,143055.15625,143055.15625,0.0,187664.0,196608.0,8944.0,1702358100000,,,
5.0,1.0,4.0,12.0,2023.0,346.0,12.0,50,2023-12-12 05:20:00,753,1008,8714885.0,196608.0,143055.16,8714885.0,8714885.0,0.0,143055.15625,143055.15625,0.0,187664.0,196608.0,8944.0,1702358400000,,,
5.0,1.0,4.0,12.0,2023.0,346.0,12.0,50,2023-12-12 05:25:00,753,1008,8714885.0,196608.0,143055.16,8714885.0,8714885.0,0.0,143055.15625,143055.15625,0.0,187664.0,196608.0,8944.0,1702358700000,,,
5.0,1.0,4.0,12.0,2023.0,346.0,12.0,50,2023-12-12 05:30:00,753,1008,8714885.0,196608.0,143055.16,8714885.0,8714885.0,0.0,143055.15625,143055.15625,0.0,187664.0,196608.0,8944.0,1702359000000,,,
5.0,1.0,4.0,12.0,2023.0,346.0,12.0,50,2023-12-12 05:35:00,753,1008,8714885.0,196608.0,143055.16,8714885.0,8714885.0,0.0,143055.15625,143055.15625,0.0,187664.0,196608.0,8944.0,1702359300000,,,
5.0,1.0,4.0,12.0,2023.0,346.0,12.0,50,2023-12-12 05:40:00,753,1008,8714885.0,196608.0,143055.16,8714885.0,8714885.0,0.0,143055.15625,143055.15625,0.0,187664.0,196608.0,8944.0,1702359600000,,,
5.0,1.0,4.0,12.0,2023.0,346.0,12.0,50,2023-12-12 05:45:00,753,1008,8714885.0,196608.0,143055.16,8714885.0,8714885.0,0.0,143055.15625,143055.15625,0.0,187664.0,196608.0,8944.0,1702359900000,,,
5.0,1.0,4.0,12.0,2023.0,346.0,12.0,50,2023-12-12 05:50:00,753,1008,8714885.0,196608.0,143055.16,8714885.0,8714885.0,0.0,143055.15625,143055.15625,0.0,187664.0,196608.0,8944.0,1702360200000,,,
5.0,1.0,4.0,12.0,2023.0,346.0,12.0,50,2023-12-12 05:55:00,753,1008,8714885.0,196608.0,143055.16,8714885.0,8714885.0,0.0,143055.15625,143055.15625,0.0,187664.0,196608.0,8944.0,1702360500000,,,
6.0,1.0,4.0,12.0,2023.0,346.0,12.0,50,2023-12-12 06:00:00,753,1008,8714885.0,196608.0,143055.16,8714885.0,8714885.0,0.0,143055.15625,143055.15625,0.0,187664.0,196608.0,8944.0,1702360800000,,,
6.0,1.0,4.0,12.0,2023.0,346.0,12.0,50,2023-12-12 06:05:00,753,1008,8714885.0,196608.0,143055.16,8714885.0,8714885.0,0.0,143055.15625,143055.15625,0.0,187664.0,196608.0,8944.0,1702361100000,,,
6.0,1.0,4.0,12.0,2023.0,346.0,12.0,50,2023-12-12 06:10:00,753,1008,8714885.0,196608.0,143055.16,8714885.0,8714885.0,0.0,143055.15625,143055.15625,0.0,187664.0,196608.0,8944.0,1702361400000,,,
6.0,1.0,4.0,12.0,2023.0,346.0,12.0,50,2023-12-12 06:15:00,753,1008,8714885.0,196608.0,143055.16,8714885.0,8714885.0,0.0,143055.15625,143055.15625,0.0,187664.0,196608.0,8944.0,1702361700000,,,
6.0,1.0,4.0,12.0,2023.0,346.0,12.0,50,2023-12-12 06:20:00,753,1008,8714885.0,196608.0,143055.16,8714885.0,8714885.0,0.0,143055.15625,143055.15625,0.0,187664.0,196608.0,8944.0,1702362000000,,,
6.0,1.0,4.0,12.0,2023.0,346.0,12.0,50,2023-12-12 06:25:00,753,1008,8714885.0,196608.0,143055.16,8714885.0,8714885.0,0.0,143055.15625,143055.15625,0.0,187664.0,196608.0,8944.0,1702362300000,,,
6.0,1.0,4.0,12.0,2023.0,346.0,12.0,50,2023-12-12 06:30:00,753,1008,8714885.0,196608.0,143055.16,8714885.0,8714885.0,0.0,143055.15625,143055.15625,0.0,187664.0,196608.0,8944.0,1702362600000,,,
6.0,1.0,4.0,12.0,2023.0,346.0,12.0,50,2023-12-12 06:35:00,753,1008,8714885.0,196608.0,143055.16,8714885.0,8714885.0,0.0,143055.15625,143055.15625,0.0,187664.0,196608.0,8944.0,1702362900000,,,
6.0,1.0,4.0,12.0,2023.0,346.0,12.0,50,2023-12-12 06:40:00,753,1008,8714885.0,196608.0,143055.16,8714885.0,8714885.0,0.0,143055.15625,143055.15625,0.0,187664.0,196608.0,8944.0,1702363200000,,,
6.0,1.0,4.0,12.0,2023.0,346.0,12.0,50,2023-12-12 06:45:00,753,1008,8714885.0,196608.0,143055.16,8714885.0,8714885.0,0.0,143055.15625,143055.15625,0.0,187664.0,196608.0,8944.0,1702363500000,,,
6.0,1.0,4.0,12.0,2023.0,346.0,12.0,50,2023-12-12 06:50:00,753,1008,8714885.0,196608.0,143055.16,8714885.0,8714885.0,0.0,143055.15625,143055.15625,0.0,187664.0,196608.0,8944.0,1702363800000,,,
6.0,1.0,4.0,12.0,2023.0,346.0,12.0,50,2023-12-12 06:55:00,753,1008,8714885.0,196608.0,143055.16,8714885.0,8714885.0,0.0,143055.15625,143055.15625,0.0,187664.0,196608.0,8944.0,1702364100000,,,
7.0,1.0,4.0,12.0,2023.0,346.0,12.0,50,2023-12-12 07:00:00,753,1008,8714885.0,196608.0,143055.16,8714885.0,8714885.0,0.0,143055.15625,143055.15625,0.0,187664.0,196608.0,8944.0,1702364400000,,,
7.0,1.0,4.0,12.0,2023.0,346.0,12.0,50,2023-12-12 07:05:00,753,1008,8714885.0,196608.0,143055.16,8714885.0,8714885.0,0.0,143055.15625,143055.15625,0.0,187664.0,196608.0,8944.0,1702364700000,,,
7.0,1.0,4.0,12.0,2023.0,346.0,12.0,50,2023-12-12 07:10:00,753,1008,8714885.0,196608.0,143055.16,8714885.0,8714885.0,0.0,143055.15625,143055.15625,0.0,187664.0,196608.0,8944.0,1702365000000,,,
7.0,1.0,4.0,12.0,2023.0,346.0,12.0,50,2023-12-12 07:15:00,753,1008,8714885.0,196608.0,143055.16,8714885.0,8714885.0,0.0,143055.15625,143055.15625,0.0,187664.0,196608.0,8944.0,1702365300000,,,
7.0,1.0,4.0,12.0,2023.0,346.0,12.0,50,2023-12-12 07:20:00,753,1008,8714885.0,196608.0,143055.16,8714885.0,8714885.0,0.0,143055.15625,143055.15625,0.0,187664.0,196608.0,8944.0,1702365600000,,,
7.0,1.0,4.0,12.0,2023.0,346.0,12.0,50,2023-12-12 07:25:00,753,1008,8714885.0,196608.0,143055.16,8714885.0,8714885.0,0.0,143055.15625,143055.15625,0.0,187664.0,196608.0,8944.0,1702365900000,,,
7.0,1.0,4.0,12.0,2023.0,346.0,12.0,50,2023-12-12 07:30:00,753,1008,8714885.0,196608.0,143055.16,8714885.0,8714885.0,0.0,143055.15625,143055.15625,0.0,187664.0,196608.0,8944.0,1702366200000,,,
7.0,1.0,4.0,12.0,2023.0,346.0,12.0,50,2023-12-12 07:35:00,753,1008,8714885.0,196608.0,143055.16,8714885.0,8714885.0,0.0,143055.15625,143055.15625,0.0,187664.0,196608.0,8944.0,1702366500000,,,
7.0,1.0,4.0,12.0,2023.0,346.0,12.0,50,2023-12-12 07:40:00,753,1008,8714885.0,196608.0,143055.16,8714885.0,8714885.0,0.0,143055.15625,143055.15625,0.0,187664.0,196608.0,8944.0,1702366800000,,,
7.0,1.0,4.0,12.0,2023.0,346.0,12.0,50,2023-12-12 07:45:00,753,1008,8714885.0,196608.0,143055.16,8714885.0,8714885.0,0.0,143055.15625,143055.15625,0.0,187664.0,196608.0,8944.0,1702367100000,,,
7.0,1.0,4.0,12.0,2023.0,346.0,12.0,50,2023-12-12 07:50:00,753,1008,8714885.0,196608.0,143055.16,8714885.0,8714885.0,0.0,143055.15625,143055.15625,0.0,187664.0,196608.0,8944.0,1702367400000,,,
7.0,1.0,4.0,12.0,2023.0,346.0,12.0,50,2023-12-12 07:55:00,753,1008,8714885.0,196608.0,143055.16,8714885.0,8714885.0,0.0,143055.15625,143055.15625,0.0,187664.0,196608.0,8944.0,1702367700000,,,
8.0,1.0,4.0,12.0,2023.0,346.0,12.0,50,2023-12-12 08:00:00,753,1008,8714885.0,196608.0,143055.16,8714885.0,8714885.0,0.0,143055.15625,143055.15625,0.0,187664.0,196608.0,8944.0,1702368000000,,,
8.0,1.0,4.0,12.0,2023.0,346.0,12.0,50,2023-12-12 08:05:00,753,1008,8714885.0,196608.0,143055.16,8714885.0,8714885.0,0.0,143055.15625,143055.15625,0.0,187664.0,196608.0,8944.0,1702368300000,,,
8.0,1.0,4.0,12.0,2023.0,346.0,12.0,50,2023-12-12 08:10:00,753,1008,8714885.0,196608.0,143055.16,8714885.0,8714885.0,0.0,143055.15625,143055.15625,0.0,187664.0,196608.0,8944.0,1702368600000,,,
8.0,1.0,4.0,12.0,2023.0,346.0,12.0,50,2023-12-12 08:15:00,753,1008,8714885.0,196608.0,143055.16,8714885.0,8714885.0,0.0,143055.15625,143055.15625,0.0,187664.0,196608.0,8944.0,1702368900000,,,
8.0,1.0,4.0,12.0,2023.0,346.0,12.0,50,2023-12-12 08:20:00,753,1008,8714885.0,196608.0,143055.16,8714885.0,8714885.0,0.0,143055.15625,143055.15625,0.0,187664.0,196608.0,8944.0,1702369200000,,,
8.0,1.0,4.0,12.0,2023.0,346.0,12.0,50,2023-12-12 08:25:00,753,1008,8714885.0,196608.0,143055.16,8714885.0,8714885.0,0.0,143055.15625,143055.15625,0.0,187664.0,196608.0,8944.0,1702369500000,,,
8.0,1.0,4.0,12.0,2023.0,346.0,12.0,50,2023-12-12 08:30:00,753,1008,8714885.0,196608.0,143055.16,8714885.0,8714885.0,0.0,143055.15625,143055.15625,0.0,187664.0,196608.0,8944.0,1702369800000,,,
8.0,1.0,4.0,12.0,2023.0,346.0,12.0,50,2023-12-12 08:35:00,753,1008,8714885.0,196608.0,143055.16,8714885.0,8714885.0,0.0,143055.15625,143055.15625,0.0,187664.0,196608.0,8944.0,1702370100000,,,
8.0,1.0,4.0,12.0,2023.0,346.0,12.0,50,2023-12-12 08:40:00,753,1008,8714885.0,196608.0,143055.16,8714885.0,8714885.0,0.0,143055.15625,143055.15625,0.0,187664.0,196608.0,8944.0,1702370400000,,,
8.0,1.0,4.0,12.0,2023.0,346.0,12.0,50,2023-12-12 08:45:00,753,1008,8714885.0,196608.0,143055.16,8714885.0,8714885.0,0.0,143055.15625,143055.15625,0.0,187664.0,196608.0,8944.0,1702370700000,,,
8.0,1.0,4.0,12.0,2023.0,346.0,12.0,50,2023-12-12 08:50:00,753,1008,8714885.0,196608.0,143055.16,8714885.0,8714885.0,0.0,143055.15625,143055.15625,0.0,187664.0,196608.0,8944.0,1702371000000,,,
8.0,1.0,4.0,12.0,2023.0,346.0,12.0,50,2023-12-12 08:55:00,753,1008,8714885.0,196608.0,143055.16,8714885.0,8714885.0,0.0,143055.15625,143055.15625,0.0,187664.0,196608.0,8944.0,1702371300000,,,
9.0,1.0,4.0,12.0,2023.0,346.0,12.0,50,2023-12-12 09:00:00,753,1008,8714885.0,196608.0,143055.16,8714885.0,8714885.0,0.0,143055.15625,143055.15625,0.0,187664.0,196608.0,8944.0,1702371600000,,,
9.0,1.0,4.0,12.0,2023.0,346.0,12.0,50,2023-12-12 09:05:00,753,1008,8714885.0,196608.0,143055.16,8714885.0,8714885.0,0.0,143055.15625,143055.15625,0.0,187664.0,196608.0,8944.0,1702371900000,,,
9.0,1.0,4.0,12.0,2023.0,346.0,12.0,50,2023-12-12 09:10:00,753,1008,8714885.0,196608.0,143055.16,8714885.0,8714885.0,0.0,143055.15625,143055.15625,0.0,187664.0,196608.0,8944.0,1702372200000,,,
9.0,1.0,4.0,12.0,2023.0,346.0,12.0,50,2023-12-12 09:15:00,753,1008,8714885.0,196608.0,143055.16,8714885.0,8714885.0,0.0,143055.15625,143055.15625,0.0,187664.0,196608.0,8944.0,1702372500000,,,
9.0,1.0,4.0,12.0,2023.0,346.0,12.0,50,2023-12-12 09:20:00,753,1008,8714885.0,196608.0,143055.16,8714885.0,8714885.0,0.0,143055.15625,143055.15625,0.0,187664.0,196608.0,8944.0,1702372800000,,,
9.0,1.0,4.0,12.0,2023.0,346.0,12.0,50,2023-12-12 09:25:00,753,1008,8714885.0,196608.0,143055.16,8714885.0,8714885.0,0.0,143055.15625,143055.15625,0.0,187664.0,196608.0,8944.0,1702373100000,,,
9.0,1.0,4.0,12.0,2023.0,346.0,12.0,50,2023-12-12 09:30:00,753,1008,8714885.0,196608.0,143055.16,8714885.0,8714885.0,0.0,143055.15625,143055.15625,0.0,187664.0,196608.0,8944.0,1702373400000,,,
9.0,1.0,4.0,12.0,2023.0,346.0,12.0,50,2023-12-12 09:35:00,753,1008,8714885.0,196608.0,143055.16,8714885.0,8714885.0,0.0,143055.15625,143055.15625,0.0,187664.0,196608.0,8944.0,1702373700000,,,
9.0,1.0,4.0,12.0,2023.0,346.0,12.0,50,2023-12-12 09:40:00,753,1008,8714885.0,196608.0,143055.16,8714885.0,8714885.0,0.0,143055.15625,143055.15625,0.0,187664.0,196608.0,8944.0,1702374000000,,,
9.0,1.0,4.0,12.0,2023.0,346.0,12.0,50,2023-12-12 09:45:00,753,1008,8714885.0,196608.0,143055.16,8714885.0,8714885.0,0.0,143055.15625,143055.15625,0.0,187664.0,196608.0,8944.0,1702374300000,,,
9.0,1.0,4.0,12.0,2023.0,346.0,12.0,50,2023-12-12 09:50:00,753,1008,8714885.0,196608.0,143055.16,8714885.0,8714885.0,0.0,143055.15625,143055.15625,0.0,187664.0,196608.0,8944.0,1702374600000,,,
9.0,1.0,4.0,12.0,2023.0,346.0,12.0,50,2023-12-12 09:55:00,753,1008,8714885.0,196608.0,143055.16,8714885.0,8714885.0,0.0,143055.15625,143055.15625,0.0,187664.0,196608.0,8944.0,1702374900000,,,
10.0,1.0,4.0,12.0,2023.0,346.0,12.0,50,2023-12-12 10:00:00,753,1008,8714885.0,196608.0,143055.16,8714885.0,8714885.0,0.0,143055.15625,143055.15625,0.0,187664.0,196608.0,8944.0,1702375200000,,,
10.0,1.0,4.0,12.0,2023.0,346.0,12.0,50,2023-12-12 10:05:00,753,1008,8714885.0,196608.0,143055.16,8714885.0,8714885.0,0.0,143055.15625,143055.15625,0.0,187664.0,196608.0,8944.0,1702375500000,,,
10.0,1.0,4.0,12.0,2023.0,346.0,12.0,50,2023-12-12 10:10:00,753,1008,8714885.0,196608.0,143055.16,8714885.0,8714885.0,0.0,143055.15625,143055.15625,0.0,187664.0,196608.0,8944.0,1702375800000,,,
10.0,1.0,4.0,12.0,2023.0,346.0,12.0,50,2023-12-12 10:15:00,753,1008,8714885.0,196608.0,143055.16,8714885.0,8714885.0,0.0,143055.15625,143055.15625,0.0,187664.0,196608.0,8944.0,1702376100000,,,
10.0,1.0,4.0,12.0,2023.0,346.0,12.0,50,2023-12-12 10:20:00,753,1008,8714885.0,196608.0,143055.16,8714885.0,8714885.0,0.0,143055.15625,143055.15625,0.0,187664.0,196608.0,8944.0,1702376400000,,,
10.0,1.0,4.0,12.0,2023.0,346.0,12.0,50,2023-12-12 10:25:00,753,1008,8714885.0,196608.0,143055.16,8714885.0,8714885.0,0.0,143055.15625,143055.15625,0.0,187664.0,196608.0,8944.0,1702376700000,,,
10.0,1.0,4.0,12.0,2023.0,346.0,12.0,50,2023-12-12 10:30:00,753,1008,8714885.0,196608.0,143055.16,8714885.0,8714885.0,0.0,143055.15625,143055.15625,0.0,187664.0,196608.0,8944.0,1702377000000,,,
10.0,1.0,4.0,12.0,2023.0,346.0,12.0,50,2023-12-12 10:35:00,753,1008,8714885.0,196608.0,143055.16,8714885.0,8714885.0,0.0,143055.15625,143055.15625,0.0,187664.0,196608.0,8944.0,1702377300000,,,
10.0,1.0,4.0,12.0,2023.0,346.0,12.0,50,2023-12-12 10:40:00,753,1008,8714885.0,196608.0,143055.16,8714885.0,8714885.0,0.0,143055.15625,143055.15625,0.0,187664.0,196608.0,8944.0,1702377600000,,,
10.0,1.0,4.0,12.0,2023.0,346.0,12.0,50,2023-12-12 10:45:00,753,1008,8714885.0,196608.0,143055.16,8714885.0,8714885.0,0.0,143055.15625,143055.15625,0.0,187664.0,196608.0,8944.0,1702377900000,,,
10.0,1.0,4.0,12.0,2023.0,346.0,12.0,50,2023-12-12 10:50:00,753,1008,8714885.0,196608.0,143055.16,8714885.0,8714885.0,0.0,143055.15625,143055.15625,0.0,187664.0,196608.0,8944.0,1702378200000,,,
10.0,1.0,4.0,12.0,2023.0,346.0,12.0,50,2023-12-12 10:55:00,753,1008,8714885.0,196608.0,143055.16,8714885.0,8714885.0,0.0,143055.15625,143055.15625,0.0,187664.0,196608.0,8944.0,1702378500000,,,
11.0,1.0,4.0,12.0,2023.0,346.0,12.0,50,2023-12-12 11:00:00,753,1008,8714885.0,196608.0,143055.16,8714885.0,8714885.0,0.0,143055.15625,143055.15625,0.0,187664.0,196608.0,8944.0,1702378800000,,,
,,,,,,,,,753,1008,,,,,,,,,,,,,1700179200000,8045604.0,147829.0,150846.344
,,,,,,,,,753,1008,,,,,,,,,,,,,1700265600000,8211182.0,155855.0,153336.21300000002
,,,,,,,,,753,1008,,,,,,,,,,,,,1700352000000,8499636.0,161564.0,157248.92
,,,,,,,,,753,1008,,,,,,,,,,,,,1700438400000,7965131.0,171451.0,147533.65600000002
,,,,,,,,,753,1008,,,,,,,,,,,,,1700524800000,7664270.0,162278.0,142651.83299999998
,,,,,,,,,753,1008,,,,,,,,,,,,,1700611200000,7880117.0,132579.0,148066.18
,,,,,,,,,753,1008,,,,,,,,,,,,,1700697600000,8351497.0,174788.0,134506.95099999997
,,,,,,,,,753,1008,,,,,,,,,,,,,1700784000000,8609853.0,170028.0,133772.382
,,,,,,,,,753,1008,,,,,,,,,,,,,1700870400000,8320753.0,134209.0,138042.29700000002
,,,,,,,,,753,1008,,,,,,,,,,,,,1700956800000,8324681.0,180532.0,142785.77500000002
,,,,,,,,,753,1008,,,,,,,,,,,,,1701043200000,8302800.0,146251.0,131255.953
,,,,,,,,,753,1008,,,,,,,,,,,,,1701129600000,8532860.0,179362.0,136827.204
,,,,,,,,,753,1008,,,,,,,,,,,,,1701216000000,8437243.0,179807.0,129811.78900000002
,,,,,,,,,753,1008,,,,,,,,,,,,,1701302400000,8823710.0,257773.0,149368.85900000017
,,,,,,,,,753,1008,,,,,,,,,,,,,1701388800000,8495383.0,177633.0,138569.292
,,,,,,,,,753,1008,,,,,,,,,,,,,1701475200000,8619443.0,138595.0,135604.2409999999
,,,,,,,,,753,1008,,,,,,,,,,,,,1701561600000,8847760.0,191664.0,136950.45299999978
,,,,,,,,,753,1008,,,,,,,,,,,,,1701648000000,8748333.0,149860.0,136844.32199999993
,,,,,,,,,753,1008,,,,,,,,,,,,,1701734400000,8715470.0,197627.0,143316.88100000014
