record_time,app_id,sid,total_req_count,error_count,resp_time_sum,is_eb_breached,is_response_breached
1706037900000,16605,16982,402.0,0,12.841,0,1
1706038200000,16605,16982,85.0,0,2.912,0,1
1706039400000,16605,16982,406.0,0,12.245999999999999,0,1
1706039700000,16605,16982,444.0,0,13.261,0,1
1706040000000,16605,16982,440.0,0,14.366000000000001,0,1
1706040300000,16605,16982,495.0,0,14.901999999999997,0,1
1706040600000,16605,16982,505.0,0,14.735000000000001,0,1
1706040900000,16605,16982,497.0,0,14.442,0,1
1706041200000,16605,16982,541.0,0,16.264,0,1
1706041500000,16605,16982,540.0,0,16.74,0,1
1706041800000,16605,16982,112.0,0,3.189,0,1
1706037900000,16605,16985,360.0,0,0.937,0,1
1706038200000,16605,16985,72.0,0,0.183,0,1
1706039400000,16605,16985,360.0,0,0.9510000000000001,0,1
1706039700000,16605,16985,360.0,0,0.9199999999999999,0,1
1706040000000,16605,16985,361.0,0,0.96,0,1
1706040300000,16605,16985,359.0,0,0.9329999999999998,0,1
1706040600000,16605,16985,360.0,0,0.929,0,1
1706040900000,16605,16985,360.0,0,0.944,0,1
1706041200000,16605,16985,360.0,0,0.9429999999999998,0,1
1706041500000,16605,16985,360.0,0,0.9159999999999999,0,1
1706041800000,16605,16985,72.0,0,0.189,0,1
1706037900000,16605,16987,1129.0,0,20.426,0,1
1706038200000,16605,16987,240.0,0,4.015,0,1
1706039400000,16605,16987,1110.0,0,20.45,0,1
1706039700000,16605,16987,1301.0,0,23.376000000000005,0,1
1706040000000,16605,16987,1314.0,0,23.832,0,1
1706040300000,16605,16987,1345.0,0,23.779000000000003,0,1
1706040600000,16605,16987,1328.0,0,24.432,0,1
1706040900000,16605,16987,1290.0,0,22.59,0,1
1706041200000,16605,16987,1341.0,0,24.608,0,1
1706041500000,16605,16987,1343.0,0,25.028999999999996,0,1
1706041800000,16605,16987,323.0,0,5.573,0,1
1706037900000,16605,16988,17.0,0,0.022000000000000002,0,1
1706038200000,16605,16988,8.0,0,0.011,0,1
1706039400000,16605,16988,27.0,0,0.037,0,1
1706039700000,16605,16988,23.0,0,0.027,0,1
1706040000000,16605,16988,25.0,0,0.027,0,1
1706040300000,16605,16988,25.0,0,0.032,0,1
1706040600000,16605,16988,28.0,0,0.026999999999999996,0,1
1706040900000,16605,16988,25.0,0,0.026000000000000002,0,1
1706041200000,16605,16988,34.0,0,0.041,0,1
1706041500000,16605,16988,28.0,0,0.025,0,1
1706041800000,16605,16988,8.0,0,0.006,0,1
1706037300000,16605,16990,2586.0,0,8.715,0,1
1706037600000,16605,16990,3301.0,0,11.020000000000001,0,1
1706037900000,16605,16990,3234.0,0,11.51,0,1
1706038200000,16605,16990,587.0,0,1.988,0,1
1706039400000,16605,16990,3403.0,0,11.267,0,1
1706039700000,16605,16990,3615.0,0,12.242,0,1
1706040000000,16605,16990,3678.0,0,12.231000000000002,0,1
1706040300000,16605,16990,3890.0,0,13.677999999999999,0,1
1706040600000,16605,16990,4008.0,0,13.456,0,1
1706040900000,16605,16990,3842.0,0,13.32,0,1
1706041200000,16605,16990,46350.0,0,4317.512,0,1
1706041500000,16605,16990,47748.0,0,4488.537,0,1
1706041800000,16605,16990,9394.0,0,905.1080000000001,0,1
1706037900000,16605,16992,17.0,0,0.34800000000000003,0,1
1706038200000,16605,16992,8.0,0,0.183,0,1
1706039400000,16605,16992,27.0,0,0.64,0,1
1706039700000,16605,16992,23.0,0,0.455,0,1
1706040000000,16605,16992,25.0,0,0.479,0,1
1706040300000,16605,16992,25.0,0,0.621,0,1
1706040600000,16605,16992,28.0,0,0.472,0,1
1706040900000,16605,16992,25.0,0,0.504,0,1
1706041200000,16605,16992,34.0,0,0.781,0,1
1706041500000,16605,16992,28.0,0,0.47900000000000004,0,1
1706041800000,16605,16992,8.0,0,0.13,0,1
1706037900000,16605,16993,748.0,0,54.379999999999995,0,1
1706038200000,16605,16993,197.0,0,14.742,0,1
1706039400000,16605,16993,718.0,0,62.27700000000001,0,1
1706039700000,16605,16993,789.0,0,59.876,0,1
1706040000000,16605,16993,786.0,0,62.968,0,1
1706040300000,16605,16993,813.0,0,63.635999999999996,0,1
1706040600000,16605,16993,810.0,0,67.499,0,1
1706040900000,16605,16993,815.0,0,67.95599999999999,0,1
1706041200000,16605,16993,859.0,0,77.473,0,1
1706041500000,16605,16993,912.0,0,76.10900000000001,0,1
1706041800000,16605,16993,189.0,0,14.27,0,1
1706037900000,16605,16994,803.0,401,270.599,1,0
1706038200000,16605,16994,151.0,66,52.685,1,0
1706039400000,16605,16994,836.0,430,280.547,1,0
1706039700000,16605,16994,887.0,443,296.471,1,0
1706040000000,16605,16994,901.0,461,307.686,1,0
1706040300000,16605,16994,1007.0,512,341.88300000000004,1,0
1706040600000,16605,16994,1042.0,537,341.204,1,0
1706040900000,16605,16994,1025.0,528,343.40199999999993,1,0
1706041200000,16605,16994,1060.0,519,384.26099999999997,1,0
1706041500000,16605,16994,1071.0,530,389.83899999999994,1,0
1706041800000,16605,16994,236.0,125,86.182,1,0
1706037300000,16605,16982,348.0,0,10.854,0,1
1706037600000,16605,16982,454.0,0,13.606000000000002,0,1
1706038500000,16605,16982,350.0,0,10.021,0,1
1706038800000,16605,16982,397.0,0,12.079,0,1
1706039100000,16605,16982,441.0,0,13.315000000000001,0,1
1706039100000,16605,16984,1.0,0,0.003,0,1
1706037300000,16605,16985,288.0,0,0.754,0,1
1706037600000,16605,16985,360.0,0,0.9369999999999998,0,1
1706038500000,16605,16985,288.0,0,0.7490000000000001,0,1
1706038800000,16605,16985,360.0,0,0.933,0,1
1706039100000,16605,16985,360.0,0,0.9830000000000001,0,1
1706037300000,16605,16987,919.0,0,15.4,0,1
1706037600000,16605,16987,1156.0,0,21.099,0,1
1706038500000,16605,16987,966.0,0,17.540999999999997,0,1
1706038800000,16605,16987,1142.0,0,20.424,0,1
1706039100000,16605,16987,1165.0,0,20.717,0,1
1706037300000,16605,16988,20.0,0,0.018000000000000002,0,1
1706037600000,16605,16988,29.0,0,0.036,0,1
1706038500000,16605,16988,30.0,0,0.038,0,1
1706038800000,16605,16988,13.0,0,0.019,0,1
1706039100000,16605,16988,20.0,0,0.028,0,1
1706038500000,16605,16990,2690.0,0,8.992,0,1
1706038800000,16605,16990,3363.0,0,11.161000000000001,0,1
1706039100000,16605,16990,3287.0,0,11.216,0,1
1706037300000,16605,16992,20.0,0,0.28300000000000003,0,1
1706037600000,16605,16992,29.0,0,0.635,0,1
1706038500000,16605,16992,30.0,0,0.634,0,1
1706038800000,16605,16992,13.0,0,0.287,0,1
1706039100000,16605,16992,20.0,0,0.431,0,1
1706037300000,16605,16993,636.0,0,53.419,0,1
1706037600000,16605,16993,775.0,0,76.022,0,1
1706038500000,16605,16993,640.0,0,53.753,0,1
1706038800000,16605,16993,773.0,0,65.956,0,1
1706039100000,16605,16993,707.0,0,57.888000000000005,0,1
1706037300000,16605,16994,667.0,319,230.905,1,0
1706037600000,16605,16994,868.0,414,291.299,1,0
1706038500000,16605,16994,661.0,312,222.167,1,0
1706038800000,16605,16994,811.0,414,273.898,1,0
1706039100000,16605,16994,858.0,417,287.04099999999994,1,0
1706034600000,16605,16995,60.0,0,4.646000000000001,0,1
1706034900000,16605,16995,44.0,0,2.364,0,1
1706035200000,16605,16995,56.0,0,3.268,0,1
1706035500000,16605,16995,68.0,0,3.8020000000000005,0,1
1706035800000,16605,16995,20.0,0,0.998,0,1
1706036100000,16605,16995,62.0,0,3.7539999999999996,0,1
1706036400000,16605,16995,26.0,0,1.7480000000000004,0,1
1706036700000,16605,16995,38.0,0,3.6119999999999997,0,1
1706037000000,16605,16995,28.0,0,1.724,0,1
1706037300000,16605,16995,58.0,0,2.6740000000000004,0,1
1706037600000,16605,16995,58.0,0,4.928,0,1
1706037900000,16605,16995,34.0,0,3.3,0,1
1706038200000,16605,16995,50.0,0,3.3619999999999997,0,1
1706038500000,16605,16995,72.0,0,3.7860000000000005,0,1
1706038800000,16605,16995,26.0,0,1.748,0,1
1706039100000,16605,16995,114.0,0,6.378,0,1
1706039400000,16605,16995,54.0,0,4.01,0,1
1706039700000,16605,16995,58.0,0,2.588,0,1
1706040000000,16605,16995,50.0,0,2.694,0,1
1706040300000,16605,16995,50.0,0,3.4099999999999997,0,1
1706040600000,16605,16995,56.0,0,3.5679999999999996,0,1
1706040900000,16605,16995,50.0,0,2.8300000000000005,0,1
1706041200000,16605,16995,68.0,0,3.618,0,1
1706041500000,16605,16995,58.0,0,3.0580000000000003,0,1
1706041800000,16605,16995,46.0,0,1.826,0,1
1706042100000,16605,16995,40.0,0,1.978,0,1
1706042400000,16605,16995,52.0,0,2.8619999999999997,0,1
1706042700000,16605,16995,62.0,0,3.166000000000001,0,1
1706043000000,16605,16995,82.0,0,5.4719999999999995,0,1
1706043300000,16605,16995,46.0,0,3.672,0,1
1706043600000,16605,16995,58.0,0,2.8120000000000003,0,1
1706043900000,16605,16995,66.0,0,4.216,0,1
1706044200000,16605,16995,48.0,0,3.012,0,1
1706044500000,16605,16995,48.0,0,2.9060000000000006,0,1
1706044800000,16605,16995,52.0,0,2.918,0,1
1706045100000,16605,16995,86.0,0,3.8460000000000005,0,1
1706045400000,16605,16995,92.0,0,5.509999999999999,0,1
1706034600000,16605,16997,54.0,0,2.0700000000000003,0,1
1706034900000,16605,16997,58.0,0,2.016,0,1
1706035200000,16605,16997,36.0,0,1.494,0,1
1706035500000,16605,16997,58.0,0,2.2540000000000004,0,1
1706035800000,16605,16997,28.0,0,1.3499999999999999,0,1
1706036100000,16605,16997,40.0,0,1.1059999999999999,0,1
1706036400000,16605,16997,34.0,0,2.1719999999999997,0,1
1706036700000,16605,16997,26.0,0,0.7399999999999999,0,1
1706037000000,16605,16997,18.0,0,0.5,0,1
1706037300000,16605,16997,16.0,0,0.642,0,1
1706037600000,16605,16997,44.0,0,2.3499999999999996,0,1
1706037900000,16605,16997,40.0,0,0.8400000000000001,0,1
1706038200000,16605,16997,70.0,0,2.216,0,1
1706038500000,16605,16997,46.0,0,1.776,0,1
1706038800000,16605,16997,42.0,0,0.962,0,1
1706039100000,16605,16997,82.0,0,2.692,0,1
1706039400000,16605,16997,46.0,0,1.6739999999999997,0,1
1706039700000,16605,16997,42.0,0,1.2600000000000002,0,1
1706040000000,16605,16997,34.0,0,0.966,0,1
1706040300000,16605,16997,44.0,0,1.6559999999999997,0,1
1706040600000,16605,16997,82.0,0,2.762,0,1
1706040900000,16605,16997,64.0,0,2.8640000000000003,0,1
1706041200000,16605,16997,96.0,0,2.22,0,1
1706041500000,16605,16997,54.0,0,1.4420000000000002,0,1
1706041800000,16605,16997,42.0,0,1.17,0,1
1706042100000,16605,16997,118.0,0,3.7640000000000002,0,1
1706042400000,16605,16997,48.0,0,1.444,0,1
1706042700000,16605,16997,40.0,0,1.006,0,1
1706043000000,16605,16997,100.0,0,4.064,0,1
1706043300000,16605,16997,70.0,0,1.9580000000000002,0,1
1706043600000,16605,16997,64.0,0,2.2380000000000004,0,1
1706043900000,16605,16997,76.0,0,1.794,0,1
1706044200000,16605,16997,112.0,0,3.912,0,1
1706044500000,16605,16997,94.0,0,3.37,0,1
1706044800000,16605,16997,58.0,0,1.6139999999999999,0,1
1706045100000,16605,16997,88.0,0,3.274,0,1
1706045400000,16605,16997,42.0,0,2.628,0,1
1706039100000,16605,16998,4.0,0,0.01,0,1
1706034600000,16605,16999,2188.0,14,108.344,0,1
1706034900000,16605,16999,1672.0,0,81.606,0,1
1706035200000,16605,16999,2296.0,12,115.23200000000001,0,1
1706035500000,16605,16999,1614.0,4,78.004,0,1
1706035800000,16605,16999,2236.0,6,110.77000000000001,0,1
1706036100000,16605,16999,1642.0,6,80.496,0,1
1706036400000,16605,16999,1954.0,16,96.534,0,1
1706036700000,16605,16999,1946.0,12,96.11800000000001,0,1
1706037000000,16605,16999,2222.0,4,109.30999999999999,0,1
1706037300000,16605,16999,1898.0,2,92.08800000000001,0,1
1706037600000,16605,16999,2146.0,0,105.60999999999999,0,1
1706037900000,16605,16999,1920.0,4,95.746,0,1
1706038200000,16605,16999,2152.0,4,105.69,0,1
1706038500000,16605,16999,2020.0,4,100.20800000000001,0,1
1706038800000,16605,16999,2194.0,4,109.48599999999999,0,1
1706039100000,16605,16999,2168.0,10,106.084,0,1
1706039400000,16605,16999,2508.0,12,124.46,0,1
1706039700000,16605,16999,2214.0,12,108.164,0,1
1706040000000,16605,16999,2704.0,12,135.328,0,1
1706040300000,16605,16999,2674.0,4,132.83800000000002,0,1
1706040600000,16605,16999,2926.0,4,146.47799999999998,0,1
1706040900000,16605,16999,3262.0,8,159.414,0,1
1706041200000,16605,16999,2940.0,18,152.614,0,1
1706041500000,16605,16999,3558.0,10,202.82,0,1
1706041800000,16605,16999,2886.0,10,192.802,0,1
1706042100000,16605,16999,4314.0,8,403.272,0,1
1706042400000,16605,16999,3542.0,14,181.96999999999997,0,1
1706042700000,16605,16999,4934.0,16,248.07999999999998,0,1
1706043000000,16605,16999,3790.0,8,186.79800000000003,0,1
1706043300000,16605,16999,5210.0,2,254.892,0,1
1706043600000,16605,16999,5260.0,10,257.982,0,1
1706043900000,16605,16999,6256.0,22,308.92,0,1
1706044200000,16605,16999,6254.0,22,305.49199999999996,0,1
1706044500000,16605,16999,6822.0,28,335.032,0,1
1706044800000,16605,16999,8228.0,26,403.24399999999997,0,1
1706045100000,16605,16999,8518.0,8,420.59400000000005,0,1
1706045400000,16605,16999,8396.0,26,411.73,0,1
1706041500000,16605,17000,4.0,0,0.0,0,0
1706039100000,16605,24452,12.0,0,0.054,0,1
1706039700000,16605,24452,4.0,0,0.008,0,1
1706034600000,16605,24454,198.0,0,1.474,0,1
1706034900000,16605,24454,302.0,0,2.17,0,1
1706035200000,16605,24454,180.0,0,1.298,0,1
1706035500000,16605,24454,282.0,0,2.186,0,1
1706035800000,16605,24454,212.0,0,1.5699999999999998,0,1
1706036100000,16605,24454,220.0,0,1.792,0,1
1706036400000,16605,24454,226.0,0,1.48,0,1
1706036700000,16605,24454,252.0,0,1.7859999999999998,0,1
1706037000000,16605,24454,266.0,0,2.076,0,1
1706037300000,16605,24454,194.0,0,1.424,0,1
1706037600000,16605,24454,166.0,0,1.134,0,1
1706037900000,16605,24454,260.0,0,1.954,0,1
1706038200000,16605,24454,206.0,0,1.438,0,1
1706038500000,16605,24454,216.0,0,1.4580000000000002,0,1
1706038800000,16605,24454,230.0,0,1.5839999999999999,0,1
1706039100000,16605,24454,192.0,0,1.25,0,1
1706039400000,16605,24454,236.0,0,1.79,0,1
1706039700000,16605,24454,286.0,0,2.282,0,1
1706040000000,16605,24454,232.0,0,1.606,0,1
1706040300000,16605,24454,256.0,0,1.714,0,1
1706040600000,16605,24454,238.0,0,1.762,0,1
1706040900000,16605,24454,236.0,0,1.502,0,1
1706041200000,16605,24454,278.0,0,1.8980000000000001,0,1
1706041500000,16605,24454,222.0,0,1.56,0,1
1706041800000,16605,24454,344.0,0,2.4699999999999998,0,1
1706042100000,16605,24454,332.0,0,2.268,0,1
1706042400000,16605,24454,374.0,0,2.6979999999999995,0,1
1706042700000,16605,24454,370.0,0,2.596,0,1
1706043000000,16605,24454,352.0,0,2.8,0,1
1706043300000,16605,24454,318.0,0,2.4299999999999997,0,1
1706043600000,16605,24454,402.0,0,2.8560000000000003,0,1
1706043900000,16605,24454,484.0,0,3.6260000000000003,0,1
1706044200000,16605,24454,448.0,0,3.33,0,1
1706044500000,16605,24454,476.0,0,3.446,0,1
1706044800000,16605,24454,438.0,0,3.1579999999999995,0,1
1706045100000,16605,24454,472.0,0,3.14,0,1
1706045400000,16605,24454,508.0,0,3.958,0,1
1706039100000,16605,24456,2.0,0,0.02,0,1
1706034600000,16605,24457,404.0,4,13.22,0,1
1706034900000,16605,24457,400.0,6,12.608,0,1
1706035200000,16605,24457,396.0,2,13.308,0,1
1706035500000,16605,24457,460.0,10,15.193999999999997,0,1
1706035800000,16605,24457,522.0,14,17.084,0,1
1706036100000,16605,24457,486.0,4,16.619999999999997,0,1
1706036400000,16605,24457,506.0,6,17.462,0,1
1706036700000,16605,24457,462.0,4,15.229999999999999,0,1
1706037000000,16605,24457,444.0,8,13.956,0,1
1706037300000,16605,24457,452.0,4,17.556,0,1
1706037600000,16605,24457,416.0,8,13.129999999999999,0,1
1706037900000,16605,24457,464.0,8,15.399999999999999,0,1
1706038200000,16605,24457,582.0,8,22.216,0,1
1706038500000,16605,24457,484.0,12,17.118000000000002,0,1
1706038800000,16605,24457,514.0,24,16.818,1,1
1706039100000,16605,24457,374.0,14,11.937999999999999,1,1
1706039400000,16605,24457,458.0,20,14.775999999999998,1,1
1706039700000,16605,24457,492.0,16,16.6,1,1
1706040000000,16605,24457,452.0,8,15.134000000000002,0,1
1706040300000,16605,24457,430.0,2,14.760000000000002,0,1
1706040600000,16605,24457,426.0,4,14.168000000000001,0,1
1706040900000,16605,24457,452.0,10,15.161999999999999,0,1
1706041200000,16605,24457,456.0,8,15.232,0,1
1706041500000,16605,24457,564.0,12,20.011999999999997,0,1
1706041800000,16605,24457,550.0,6,23.122,0,1
1706042100000,16605,24457,620.0,4,24.308000000000003,0,1
1706042400000,16605,24457,638.0,8,31.182000000000002,0,1
1706042700000,16605,24457,560.0,8,17.504,0,1
1706043000000,16605,24457,552.0,6,17.174,0,1
1706043300000,16605,24457,606.0,4,19.810000000000002,0,1
1706043600000,16605,24457,654.0,0,21.288,0,1
1706043900000,16605,24457,652.0,6,21.318,0,1
1706044200000,16605,24457,686.0,6,21.409999999999997,0,1
1706044500000,16605,24457,868.0,4,29.623999999999995,0,1
1706044800000,16605,24457,766.0,2,24.062,0,1
1706045100000,16605,24457,886.0,6,28.36,0,1
1706045400000,16605,24457,878.0,6,29.214,0,1
1706042700000,16605,24460,3242.0,0,70.708,0,1
1706043000000,16605,24460,3308.0,0,73.258,0,1
1706043300000,16605,24460,3336.0,0,71.99199999999999,0,1
1706043600000,16605,24460,3418.0,0,77.7,0,1
1706043900000,16605,24460,4012.0,0,83.422,0,1
1706044200000,16605,24460,4032.0,0,80.42999999999999,0,1
1706044500000,16605,24460,4378.0,0,86.752,0,1
1706044800000,16605,24460,4444.0,0,91.07199999999999,0,1
1706045100000,16605,24460,4722.0,0,95.60599999999998,0,1
1706045400000,16605,24460,4982.0,0,94.036,0,1
1706039100000,16605,24461,2.0,0,0.212,0,1
1706034600000,16605,24460,2640.0,0,57.846000000000004,0,1
1706034900000,16605,24460,2380.0,0,53.275999999999996,0,1
1706035200000,16605,24460,2508.0,0,56.416,0,1
1706035500000,16605,24460,2434.0,0,57.376,0,1
1706035800000,16605,24460,2370.0,0,58.40799999999999,0,1
1706036100000,16605,24460,2430.0,0,54.263999999999996,0,1
1706036400000,16605,24460,2542.0,0,60.13,0,1
1706036700000,16605,24460,2386.0,0,59.822,0,1
1706037000000,16605,24460,2420.0,0,51.092,0,1
1706037300000,16605,24460,2340.0,0,62.093999999999994,0,1
1706037600000,16605,24460,2294.0,0,59.736,0,1
1706037900000,16605,24460,2242.0,0,51.086000000000006,0,1
1706038200000,16605,24460,2346.0,0,57.824,0,1
1706038500000,16605,24460,2464.0,0,59.494,0,1
1706038800000,16605,24460,2278.0,0,55.502,0,1
1706039100000,16605,24460,2300.0,0,59.416000000000004,0,1
1706039400000,16605,24460,2212.0,0,57.06600000000001,0,1
1706039700000,16605,24460,2588.0,0,58.636,0,1
1706040000000,16605,24460,2618.0,0,54.992,0,1
1706040300000,16605,24460,2678.0,0,59.504000000000005,0,1
1706040600000,16605,24460,2658.0,0,61.74600000000001,0,1
1706040900000,16605,24460,2574.0,0,56.298,0,1
1706041200000,16605,24460,2672.0,0,42.144000000000005,0,1
1706041500000,16605,24460,2674.0,0,43.562,0,1
1706041800000,16605,24460,2946.0,0,47.008,0,1
1706042100000,16605,24460,2996.0,0,48.69,0,1
1706042400000,16605,24460,2972.0,0,58.017999999999994,0,1
1706041200000,16605,24463,84768.0,0,89.68,0,1
1706041500000,16605,24463,87280.0,0,92.744,0,1
1706041800000,16605,24463,86938.0,0,92.572,0,1
1706042100000,16605,24463,69858.0,0,73.93599999999999,0,1
1706042400000,16605,24463,5710.0,0,6.02,0,1
1706034600000,16605,24480,2900.0,0,3.7739999999999996,0,1
1706034900000,16605,24480,2592.0,0,3.3120000000000003,0,1
1706035200000,16605,24480,2670.0,0,3.3779999999999997,0,1
1706035500000,16605,24480,2688.0,0,3.542,0,1
1706035800000,16605,24480,2658.0,0,3.38,0,1
1706036100000,16605,24480,2732.0,0,3.402,0,1
1706036400000,16605,24480,2832.0,0,3.742,0,1
1706036700000,16605,24480,2598.0,0,3.298,0,1
1706037000000,16605,24480,2590.0,0,3.38,0,1
1706037300000,16605,24480,2574.0,0,3.2199999999999998,0,1
1706037600000,16605,24480,2562.0,0,3.246,0,1
1706037900000,16605,24480,2494.0,0,3.214,0,1
1706038200000,16605,24480,2760.0,0,3.6359999999999997,0,1
1706038500000,16605,24480,2748.0,0,3.578,0,1
1706038800000,16605,24480,2566.0,0,3.1900000000000004,0,1
1706039100000,16605,24480,2624.0,0,3.3380000000000005,0,1
1706039400000,16605,24480,2420.0,0,3.186,0,1
1706039700000,16605,24480,2862.0,0,3.652,0,1
1706040000000,16605,24480,2838.0,0,3.6540000000000004,0,1
1706040300000,16605,24480,2906.0,0,3.652,0,1
1706040600000,16605,24480,2916.0,0,3.7199999999999998,0,1
1706040900000,16605,24480,2836.0,0,3.5300000000000002,0,1
1706041200000,16605,24480,2990.0,0,3.3980000000000006,0,1
1706041500000,16605,24480,2930.0,0,3.4879999999999995,0,1
1706041800000,16605,24480,3166.0,0,3.7,0,1
1706042100000,16605,24480,3432.0,0,4.162,0,1
1706042400000,16605,24480,3220.0,0,3.99,0,1
1706042700000,16605,24480,3460.0,0,4.17,0,1
1706043000000,16605,24480,3652.0,0,4.466,0,1
1706043300000,16605,24480,3616.0,0,4.524,0,1
1706043600000,16605,24480,3672.0,0,4.598,0,1
1706043900000,16605,24480,4328.0,0,5.256000000000001,0,1
1706044200000,16605,24480,4414.0,0,5.408,0,1
1706044500000,16605,24480,4784.0,0,5.882,0,1
1706044800000,16605,24480,4265.0,0,5.284000000000001,0,1
1706045100000,16605,24480,5140.0,0,6.1659999999999995,0,1
1706045400000,16605,24480,5272.0,0,6.4559999999999995,0,1
1706034600000,16605,24467,172.0,0,4.116,0,1
1706034900000,16605,24467,194.0,0,5.273999999999999,0,1
1706035200000,16605,24467,146.0,0,4.254,0,1
1706035500000,16605,24467,204.0,0,5.876,0,1
1706035800000,16605,24467,178.0,0,4.256,0,1
1706036100000,16605,24467,112.0,0,1.986,0,1
1706036400000,16605,24467,118.0,0,3.91,0,1
1706036700000,16605,24467,120.0,0,4.398,0,1
1706037000000,16605,24467,164.0,0,7.352,0,1
1706037300000,16605,24467,110.0,0,3.3280000000000003,0,1
1706037600000,16605,24467,206.0,0,4.812,0,1
1706037900000,16605,24467,140.0,0,4.268000000000001,0,1
1706038200000,16605,24467,126.0,0,3.1019999999999994,0,1
1706038500000,16605,24467,172.0,0,3.5600000000000005,0,1
1706038800000,16605,24467,164.0,0,5.166,0,1
1706039100000,16605,24467,132.0,0,4.5360000000000005,0,1
1706039400000,16605,24467,102.0,0,2.09,0,1
1706039700000,16605,24467,320.0,0,9.138000000000002,0,1
1706040000000,16605,24467,292.0,0,7.776000000000001,0,1
1706040300000,16605,24467,270.0,0,9.538000000000002,0,1
1706040600000,16605,24467,196.0,0,7.066000000000001,0,1
1706040900000,16605,24467,168.0,0,4.6499999999999995,0,1
1706041200000,16605,24467,138.0,0,2.5940000000000003,0,1
1706041500000,16605,24467,114.0,0,2.716,0,1
1706041800000,16605,24467,152.0,0,2.694,0,1
1706042100000,16605,24467,180.0,0,3.534,0,1
1706042400000,16605,24467,144.0,0,3.442,0,1
1706042700000,16605,24467,166.0,0,5.454000000000001,0,1
1706043000000,16605,24467,202.0,0,4.554,0,1
1706043300000,16605,24467,196.0,0,3.7880000000000003,0,1
1706043600000,16605,24467,114.0,0,2.0980000000000003,0,1
1706043900000,16605,24467,168.0,0,4.694,0,1
1706044200000,16605,24467,174.0,0,4.08,0,1
1706044500000,16605,24467,180.0,0,4.07,0,1
1706044800000,16605,24467,244.0,0,6.854000000000001,0,1
1706045100000,16605,24467,220.0,0,4.652,0,1
1706045400000,16605,24467,222.0,0,4.92,0,1
1706039100000,16605,24486,2.0,0,0.022,0,1
1706034600000,16605,24488,2188.0,14,182.59999999999997,0,1
1706034900000,16605,24488,1672.0,0,137.854,0,1
1706035200000,16605,24488,2296.0,12,194.04399999999998,0,1
1706035500000,16605,24488,1614.0,4,135.812,0,1
1706035800000,16605,24488,2236.0,6,185.41799999999998,0,1
1706036100000,16605,24488,1646.0,10,132.93200000000002,0,1
1706036400000,16605,24488,1954.0,16,162.83599999999998,0,1
1706036700000,16605,24488,1946.0,12,159.966,0,1
1706037000000,16605,24488,2224.0,6,179.548,0,1
1706037300000,16605,24488,1898.0,2,154.394,0,1
1706037600000,16605,24488,2146.0,0,175.646,0,1
1706037900000,16605,24488,1920.0,4,160.72800000000004,0,1
1706038200000,16605,24488,2154.0,6,177.72799999999998,0,1
1706038500000,16605,24488,2022.0,4,168.21599999999998,0,1
1706038800000,16605,24488,2194.0,4,179.748,0,1
1706039100000,16605,24488,2168.0,10,173.66000000000003,0,1
1706039400000,16605,24488,2508.0,12,203.82,0,1
1706039700000,16605,24488,2216.0,14,180.82799999999997,0,1
1706040000000,16605,24488,2704.0,12,222.48,0,1
1706040300000,16605,24488,2674.0,4,215.70399999999998,0,1
1706040600000,16605,24488,2926.0,4,241.066,0,1
1706040900000,16605,24488,3262.0,8,271.60600000000005,0,1
1706041200000,16605,24488,2944.0,22,221.77800000000002,0,1
1706041500000,16605,24488,3558.0,10,282.35799999999995,0,1
1706041800000,16605,24488,2886.0,10,259.462,0,1
1706042100000,16605,24488,4314.0,8,509.314,0,1
1706042400000,16605,24488,3542.0,14,289.59999999999997,0,1
1706042700000,16605,24488,4938.0,20,407.134,0,1
1706043000000,16605,24488,3794.0,10,297.27200000000005,0,1
1706043300000,16605,24488,5210.0,2,410.206,0,1
1706043600000,16605,24488,5260.0,10,416.448,0,1
1706043900000,16605,24488,6256.0,22,500.78000000000003,0,1
1706044200000,16605,24488,6254.0,22,486.94200000000006,0,1
1706044500000,16605,24488,6822.0,28,529.3380000000001,0,1
1706044800000,16605,24488,8228.0,26,634.072,0,1
1706045100000,16605,24488,8518.0,8,661.4540000000001,0,1
1706045400000,16605,24488,8396.0,26,648.896,0,1
1706039100000,16605,24464,2.0,0,0.146,0,1
1706045400000,16605,24465,92.0,0,0.112,0,1
1706034600000,16605,24465,60.0,0,0.078,0,1
1706034900000,16605,24465,44.0,0,0.046000000000000006,0,1
1706035200000,16605,24465,56.0,0,0.066,0,1
1706035500000,16605,24465,68.0,0,0.07400000000000001,0,1
1706035800000,16605,24465,20.0,0,0.024,0,1
1706036100000,16605,24465,62.0,0,0.07600000000000001,0,1
1706036400000,16605,24465,24.0,0,0.054000000000000006,0,1
1706036700000,16605,24465,38.0,0,0.05,0,1
1706037000000,16605,24465,28.0,0,0.034,0,1
1706037300000,16605,24465,58.0,0,0.05,0,1
1706037600000,16605,24465,58.0,0,0.08,0,1
1706037900000,16605,24465,34.0,0,0.052,0,1
1706038200000,16605,24465,50.0,0,0.07400000000000001,0,1
1706038500000,16605,24465,72.0,0,0.09599999999999999,0,1
1706038800000,16605,24465,26.0,0,0.036,0,1
1706039100000,16605,24465,42.0,0,0.05800000000000001,0,1
1706039400000,16605,24465,54.0,0,0.08199999999999999,0,1
1706039700000,16605,24465,46.0,0,0.06,0,1
1706040000000,16605,24465,50.0,0,0.064,0,1
1706040300000,16605,24465,50.0,0,0.078,0,1
1706040600000,16605,24465,56.0,0,0.068,0,1
1706040900000,16605,24465,50.0,0,0.078,0,1
1706041200000,16605,24465,68.0,0,0.09599999999999999,0,1
1706041500000,16605,24465,56.0,0,0.060000000000000005,0,1
1706041800000,16605,24465,46.0,0,0.05,0,1
1706042100000,16605,24465,40.0,0,0.048,0,1
1706042400000,16605,24465,52.0,0,0.066,0,1
1706042700000,16605,24465,62.0,0,0.068,0,1
1706043000000,16605,24465,82.0,0,0.108,0,1
1706043300000,16605,24465,46.0,0,0.06199999999999999,0,1
1706043600000,16605,24465,58.0,0,0.08800000000000001,0,1
1706043900000,16605,24465,66.0,0,0.09,0,1
1706044200000,16605,24465,46.0,0,0.056,0,1
1706044500000,16605,24465,48.0,0,0.064,0,1
1706044800000,16605,24465,52.0,0,0.05600000000000001,0,1
1706045100000,16605,24465,86.0,0,0.096,0,1
1706038800000,16605,24482,3814.0,0,6.604,0,1
1706039100000,16605,24482,3880.0,0,6.550000000000001,0,1
1706039400000,16605,24482,4186.0,0,7.322,0,1
1706039700000,16605,24482,3984.0,0,6.68,0,1
1706040000000,16605,24482,4506.0,0,7.874,0,1
1706040300000,16605,24482,4688.0,0,8.084,0,1
1706040600000,16605,24482,5014.0,0,8.504,0,1
1706040900000,16605,24482,5308.0,0,9.180000000000001,0,1
1706041200000,16605,24482,5058.0,0,8.202,0,1
1706041500000,16605,24482,5700.0,0,9.82,0,1
1706041800000,16605,24482,5380.0,0,9.782,0,1
1706042100000,16605,24482,6612.0,0,14.088000000000001,0,1
1706042400000,16605,24482,6160.0,0,10.137999999999998,0,1
1706042700000,16605,24482,7650.0,0,13.542,0,1
1706043000000,16605,24482,6496.0,0,10.692000000000002,0,1
1706043300000,16605,24482,8072.0,0,13.754000000000001,0,1
1706043600000,16605,24482,8436.0,0,14.27,0,1
1706043900000,16605,24482,9712.0,0,16.636,0,1
1706044200000,16605,24482,9698.0,0,16.613999999999997,0,1
1706044500000,16605,24482,10476.0,0,17.818,0,1
1706044800000,16605,24482,12136.0,0,21.009999999999998,0,1
1706045100000,16605,24482,12400.0,0,21.846,0,1
1706045400000,16605,24482,12872.0,0,21.99,0,1
1706034600000,16605,24482,3934.0,0,6.736,0,1
1706034900000,16605,24482,3406.0,0,5.448000000000001,0,1
1706035200000,16605,24482,3916.0,0,6.708,0,1
1706035500000,16605,24482,3284.0,0,5.28,0,1
1706035800000,16605,24482,3910.0,0,6.64,0,1
1706036100000,16605,24482,3308.0,0,5.322,0,1
1706036400000,16605,24482,3610.0,0,6.013999999999999,0,1
1706036700000,16605,24482,3612.0,0,6.112000000000001,0,1
1706037000000,16605,24482,3906.0,0,6.656000000000001,0,1
1706037300000,16605,24482,3536.0,0,6.042000000000001,0,1
1706037600000,16605,24482,3888.0,0,6.558,0,1
1706037900000,16605,24482,3530.0,0,6.002,0,1
1706038200000,16605,24482,3772.0,0,6.406,0,1
1706038500000,16605,24482,3660.0,0,6.1800000000000015,0,1
1706041200000,16605,24484,84740.0,0,6015.986000000001,0,1
1706041500000,16605,24484,87286.0,0,6143.912,0,1
1706041800000,16605,24484,86932.0,0,6119.748,0,1
1706042100000,16605,24484,69874.0,0,4944.778,0,1
1706042400000,16605,24484,5722.0,0,377.026,0,1
1706034600000,16605,24469,2654.0,0,249.158,0,1
1706034900000,16605,24469,2382.0,0,217.28400000000002,0,1
1706035200000,16605,24469,2514.0,0,226.11399999999998,0,1
1706035500000,16605,24469,2448.0,0,222.38,0,1
1706035800000,16605,24469,2380.0,0,233.46799999999996,0,1
1706036100000,16605,24469,2434.0,0,215.686,0,1
1706036400000,16605,24469,2548.0,0,233.62800000000001,0,1
1706036700000,16605,24469,2392.0,0,215.63,0,1
1706037000000,16605,24469,2424.0,0,221.16999999999996,0,1
1706037300000,16605,24469,2350.0,0,216.912,0,1
1706037600000,16605,24469,2312.0,0,210.79800000000003,0,1
1706037900000,16605,24469,2260.0,0,215.888,0,1
1706038200000,16605,24469,2348.0,0,217.928,0,1
1706038500000,16605,24469,2464.0,0,230.122,0,1
1706038800000,16605,24469,2284.0,0,212.94,0,1
1706039100000,16605,24469,2308.0,0,223.016,0,1
1706039400000,16605,24469,2220.0,0,210.18400000000003,0,1
1706039700000,16605,24469,2596.0,0,237.946,0,1
1706040000000,16605,24469,2628.0,0,239.038,0,1
1706040300000,16605,24469,2688.0,0,235.04599999999996,0,1
1706040600000,16605,24469,2658.0,0,252.97200000000004,0,1
1706040900000,16605,24469,2580.0,0,239.28,0,1
1706041200000,16605,24469,2682.0,0,200.39,0,1
1706041500000,16605,24469,2686.0,0,200.14600000000002,0,1
1706041800000,16605,24469,2960.0,0,216.212,0,1
1706042100000,16605,24469,3006.0,0,229.74200000000002,0,1
1706042400000,16605,24469,2982.0,0,252.01,0,1
1706042700000,16605,24469,3256.0,0,289.332,0,1
1706043000000,16605,24469,3322.0,0,288.678,0,1
1706043300000,16605,24469,3354.0,0,295.182,0,1
1706043600000,16605,24469,3424.0,0,294.048,0,1
1706043900000,16605,24469,4032.0,0,343.204,0,1
1706044200000,16605,24469,4040.0,0,344.998,0,1
1706044500000,16605,24469,4392.0,0,364.07800000000003,0,1
1706044800000,16605,24469,4464.0,0,374.90200000000004,0,1
1706045100000,16605,24469,4744.0,0,394.282,0,1
1706045400000,16605,24469,4994.0,0,410.69200000000006,0,1
1706034600000,16605,24470,720.0,0,0.9499999999999998,0,1
1706034900000,16605,24470,720.0,0,0.9599999999999999,0,1
1706035200000,16605,24470,720.0,0,0.9639999999999999,0,1
1706035500000,16605,24470,720.0,0,0.9859999999999999,0,1
1706035800000,16605,24470,720.0,0,0.9439999999999998,0,1
1706036100000,16605,24470,720.0,0,0.9499999999999998,0,1
1706036400000,16605,24470,720.0,0,0.9699999999999999,0,1
1706036700000,16605,24470,720.0,0,0.9779999999999999,0,1
1706037000000,16605,24470,720.0,0,0.9819999999999999,0,1
1706037300000,16605,24470,720.0,0,0.9539999999999998,0,1
1706037600000,16605,24470,720.0,0,0.9379999999999998,0,1
1706037900000,16605,24470,720.0,0,0.9959999999999999,0,1
1706038200000,16605,24470,720.0,0,0.9779999999999999,0,1
1706038500000,16605,24470,720.0,0,0.9639999999999999,0,1
1706038800000,16605,24470,720.0,0,0.9659999999999999,0,1
1706039100000,16605,24470,720.0,0,0.9659999999999999,0,1
1706039400000,16605,24470,720.0,0,0.9499999999999998,0,1
1706039700000,16605,24470,720.0,0,0.9799999999999999,0,1
1706040000000,16605,24470,720.0,0,0.9599999999999999,0,1
1706040300000,16605,24470,720.0,0,0.9499999999999998,0,1
1706040600000,16605,24470,720.0,0,0.9559999999999998,0,1
1706040900000,16605,24470,720.0,0,0.9619999999999999,0,1
1706041200000,16605,24470,720.0,0,0.9719999999999999,0,1
1706041500000,16605,24470,720.0,0,0.9819999999999999,0,1
1706041800000,16605,24470,720.0,0,0.9859999999999999,0,1
1706042100000,16605,24470,720.0,0,0.9999999999999999,0,1
1706042400000,16605,24470,720.0,0,0.9719999999999999,0,1
1706042700000,16605,24470,720.0,0,0.9659999999999999,0,1
1706043000000,16605,24470,720.0,0,0.9619999999999999,0,1
1706043300000,16605,24470,720.0,0,0.9579999999999999,0,1
1706043600000,16605,24470,720.0,0,0.9759999999999999,0,1
1706043900000,16605,24470,720.0,0,0.9679999999999999,0,1
1706044200000,16605,24470,720.0,0,0.9679999999999999,0,1
1706044500000,16605,24470,720.0,0,0.9979999999999999,0,1
1706044800000,16605,24470,720.0,0,0.9679999999999999,0,1
1706045100000,16605,24470,720.0,0,0.9679999999999999,0,1
1706045400000,16605,24470,720.0,0,0.9679999999999999,0,1
1706034600000,16605,24471,3810.0,0,28.562,0,1
1706034900000,16605,24471,3906.0,0,29.434,0,1
1706035200000,16605,24471,3630.0,0,26.618,0,1
1706035500000,16605,24471,3846.0,0,28.862000000000002,0,1
1706035800000,16605,24471,3814.0,0,28.204,0,1
1706036100000,16605,24471,3650.0,0,26.896,0,1
1706036400000,16605,24471,3772.0,0,28.318,0,1
1706036700000,16605,24471,3738.0,0,28.066000000000003,0,1
1706037000000,16605,24471,3846.0,0,27.764000000000003,0,1
1706037300000,16605,24471,3614.0,0,26.894,0,1
1706037600000,16605,24471,3834.0,0,28.389999999999997,0,1
1706037900000,16605,24471,3658.0,0,27.674000000000003,0,1
1706038200000,16605,24471,3614.0,0,26.712000000000003,0,1
1706038500000,16605,24471,3690.0,0,26.779999999999998,0,1
1706038800000,16605,24471,3752.0,0,27.375999999999998,0,1
1706039100000,16605,24471,3800.0,0,27.918000000000003,0,1
1706039400000,16605,24471,3888.0,0,28.532,0,1
1706039700000,16605,24471,3996.0,0,29.512,0,1
1706040000000,16605,24471,4124.0,0,30.288,0,1
1706040300000,16605,24471,4498.0,0,33.772000000000006,0,1
1706040600000,16605,24471,4684.0,0,34.562,0,1
1706040900000,16605,24471,4514.0,0,33.506,0,1
1706041200000,16605,24471,4676.0,0,35.742,0,1
1706041500000,16605,24471,4774.0,0,36.791999999999994,0,1
1706041800000,16605,24471,5536.0,0,41.934,0,1
1706042100000,16605,24471,5202.0,0,39.422,0,1
1706042400000,16605,24471,5820.0,0,42.79200000000001,0,1
1706042700000,16605,24471,6102.0,0,44.472,0,1
1706043000000,16605,24471,6012.0,0,43.583999999999996,0,1
1706043300000,16605,24471,6390.0,0,46.352000000000004,0,1
1706043600000,16605,24471,7206.0,0,52.808,0,1
1706043900000,16605,24471,7758.0,0,56.885999999999996,0,1
1706044200000,16605,24471,7686.0,0,55.93000000000001,0,1
1706044500000,16605,24471,8304.0,0,60.291999999999994,0,1
1706044800000,16605,24471,8596.0,0,63.852,0,1
1706045100000,16605,24471,8608.0,0,63.047999999999995,0,1
1706045400000,16605,24471,9822.0,0,72.918,0,1
1706034600000,16605,24472,172.0,0,0.9659999999999999,0,1
1706034900000,16605,24472,194.0,0,1.3199999999999998,0,1
1706035200000,16605,24472,146.0,0,0.6760000000000002,0,1
1706035500000,16605,24472,204.0,0,1.348,0,1
1706035800000,16605,24472,178.0,0,0.7220000000000001,0,1
1706036100000,16605,24472,112.0,0,0.484,0,1
1706036400000,16605,24472,118.0,0,1.0939999999999999,0,1
1706036700000,16605,24472,120.0,0,0.4719999999999999,0,1
1706037000000,16605,24472,164.0,0,0.744,0,1
1706037300000,16605,24472,110.0,0,0.7939999999999999,0,1
1706037600000,16605,24472,206.0,0,1.2100000000000002,0,1
1706037900000,16605,24472,140.0,0,0.8019999999999999,0,1
1706038200000,16605,24472,126.0,0,0.472,0,1
1706038500000,16605,24472,172.0,0,0.8220000000000001,0,1
1706038800000,16605,24472,164.0,0,0.8340000000000001,0,1
1706039100000,16605,24472,132.0,0,0.624,0,1
1706039400000,16605,24472,102.0,0,0.45799999999999996,0,1
1706039700000,16605,24472,320.0,0,2.464,0,1
1706040000000,16605,24472,292.0,0,2.5679999999999996,0,1
1706040300000,16605,24472,270.0,0,2.6479999999999997,0,1
1706040600000,16605,24472,196.0,0,1.4880000000000002,0,1
1706040900000,16605,24472,168.0,0,1.0899999999999999,0,1
1706041200000,16605,24472,138.0,0,0.792,0,1
1706041500000,16605,24472,114.0,0,1.0099999999999998,0,1
1706041800000,16605,24472,152.0,0,0.7140000000000001,0,1
1706042100000,16605,24472,180.0,0,1.1640000000000001,0,1
1706042400000,16605,24472,144.0,0,0.788,0,1
1706042700000,16605,24472,166.0,0,1.144,0,1
1706043000000,16605,24472,202.0,0,0.916,0,1
1706043300000,16605,24472,196.0,0,0.7919999999999999,0,1
1706043600000,16605,24472,114.0,0,0.548,0,1
1706043900000,16605,24472,168.0,0,0.9939999999999999,0,1
1706044200000,16605,24472,174.0,0,0.986,0,1
1706044500000,16605,24472,180.0,0,1.2619999999999998,0,1
1706044800000,16605,24472,244.0,0,1.5100000000000002,0,1
1706045100000,16605,24472,220.0,0,1.238,0,1
1706045400000,16605,24472,222.0,0,1.484,0,1
1706037600000,16605,24473,4.0,0,0.014,0,1
1706038500000,16605,24473,2.0,0,0.01,0,1
1706042100000,16605,24473,4.0,0,0.016,0,1
1706042400000,16605,24473,6.0,0,0.044000000000000004,0,1
1706043000000,16605,24473,2.0,0,0.01,0,1
1706043600000,16605,24473,2.0,0,0.01,0,1
1706039100000,16605,24474,2.0,0,0.006,0,1
1706034600000,16605,24475,2652.0,0,3.3219999999999996,0,1
1706034900000,16605,24475,2382.0,0,2.956,0,1
1706035200000,16605,24475,2514.0,0,3.1919999999999997,0,1
1706035500000,16605,24475,2448.0,0,3.12,0,1
1706035800000,16605,24475,2382.0,0,3.028,0,1
1706036100000,16605,24475,2432.0,0,2.944,0,1
1706036400000,16605,24475,2548.0,0,3.22,0,1
1706036700000,16605,24475,2392.0,0,2.9679999999999995,0,1
1706037000000,16605,24475,2424.0,0,3.1959999999999997,0,1
1706037300000,16605,24475,2354.0,0,2.83,0,1
1706037600000,16605,24475,2310.0,0,2.8979999999999997,0,1
1706037900000,16605,24475,2258.0,0,2.846,0,1
1706038200000,16605,24475,2348.0,0,3.0080000000000005,0,1
1706038500000,16605,24475,2464.0,0,3.144,0,1
1706038800000,16605,24475,2286.0,0,2.924,0,1
1706039100000,16605,24475,2326.0,0,2.982,0,1
1706039400000,16605,24475,2220.0,0,2.8259999999999996,0,1
1706039700000,16605,24475,2602.0,0,3.2560000000000002,0,1
1706040000000,16605,24475,2628.0,0,3.274,0,1
1706040300000,16605,24475,2690.0,0,3.3399999999999994,0,1
1706040600000,16605,24475,2656.0,0,3.368,0,1
1706040900000,16605,24475,2580.0,0,3.1919999999999997,0,1
1706041200000,16605,24475,2682.0,0,3.164,0,1
1706041500000,16605,24475,2686.0,0,3.222,0,1
1706041800000,16605,24475,2960.0,0,3.5820000000000003,0,1
1706042100000,16605,24475,3006.0,0,3.604,0,1
1706042400000,16605,24475,2982.0,0,3.6980000000000004,0,1
1706042700000,16605,24475,3256.0,0,3.992,0,1
1706043000000,16605,24475,3322.0,0,3.9999999999999996,0,1
1706043300000,16605,24475,3356.0,0,4.174,0,1
1706043600000,16605,24475,3422.0,0,4.254,0,1
1706043900000,16605,24475,4036.0,0,4.912,0,1
1706044200000,16605,24475,4036.0,0,4.958,0,1
1706044500000,16605,24475,4392.0,0,5.412,0,1
1706044800000,16605,24475,4464.0,0,5.562,0,1
1706045100000,16605,24475,4746.0,0,5.643999999999999,0,1
1706045400000,16605,24475,4992.0,0,6.092,0,1
1706034600000,16605,24476,70.0,30,11.194,1,1
1706034900000,16605,24476,68.0,30,9.956,1,1
1706035200000,16605,24476,74.0,22,13.118,1,1
1706035500000,16605,24476,80.0,34,12.831999999999999,1,1
1706035800000,16605,24476,68.0,26,10.044,1,1
1706036100000,16605,24476,62.0,16,11.606000000000002,1,1
1706036400000,16605,24476,84.0,26,15.661999999999999,1,1
1706036700000,16605,24476,56.0,20,8.194,1,1
1706037000000,16605,24476,78.0,36,12.822000000000001,1,1
1706037300000,16605,24476,60.0,22,8.758,1,1
1706037600000,16605,24476,62.0,22,9.474,1,1
1706037900000,16605,24476,84.0,40,10.716000000000001,1,1
1706038200000,16605,24476,62.0,30,7.938,1,1
1706038500000,16605,24476,60.0,30,11.278,1,1
1706038800000,16605,24476,62.0,26,9.782,1,1
1706039100000,16605,24476,66.0,36,7.787999999999999,1,1
1706039400000,16605,24476,80.0,32,10.181999999999999,1,1
1706039700000,16605,24476,60.0,26,8.446,1,1
1706040000000,16605,24476,102.0,48,12.200000000000003,1,1
1706040300000,16605,24476,80.0,42,10.053999999999998,1,1
1706040600000,16605,24476,74.0,26,12.240000000000002,1,1
1706040900000,16605,24476,68.0,28,10.602,1,1
1706041200000,16605,24476,78.0,40,9.396,1,1
1706041500000,16605,24476,64.0,32,8.752,1,1
1706041800000,16605,24476,88.0,36,12.437999999999999,1,1
1706042100000,16605,24476,100.0,28,17.302,1,1
1706042400000,16605,24476,94.0,26,16.150000000000002,1,1
1706042700000,16605,24476,78.0,22,12.717999999999998,1,1
1706043000000,16605,24476,94.0,32,17.27,1,1
1706043300000,16605,24476,72.0,22,10.941999999999998,1,1
1706043600000,16605,24476,142.0,64,18.679999999999996,1,1
1706043900000,16605,24476,190.0,102,24.005999999999997,1,1
1706044200000,16605,24476,172.0,66,21.764,1,1
1706044500000,16605,24476,156.0,50,24.183999999999997,1,1
1706044800000,16605,24476,140.0,48,21.646,1,1
1706045100000,16605,24476,148.0,60,21.744000000000003,1,1
1706045400000,16605,24476,206.0,70,30.441999999999997,1,1
1706039100000,16605,24477,4.0,0,0.16,0,1
1706034600000,16605,24478,2654.0,0,44.608000000000004,0,1
1706034900000,16605,24478,2382.0,0,39.388,0,1
1706035200000,16605,24478,2514.0,0,42.15599999999999,0,1
1706035500000,16605,24478,2448.0,0,41.204,0,1
1706035800000,16605,24478,2380.0,0,39.248,0,1
1706036100000,16605,24478,2434.0,0,39.111999999999995,0,1
1706036400000,16605,24478,2548.0,0,43.402,0,1
1706036700000,16605,24478,2392.0,0,39.732,0,1
1706037000000,16605,24478,2424.0,0,42.274,0,1
1706037300000,16605,24478,2350.0,0,37.298,0,1
1706037600000,16605,24478,2312.0,0,39.46,0,1
1706037900000,16605,24478,2260.0,0,38.06400000000001,0,1
1706038200000,16605,24478,2348.0,0,40.20199999999999,0,1
1706038500000,16605,24478,2464.0,0,42.044,0,1
1706038800000,16605,24478,2284.0,0,37.882000000000005,0,1
1706039100000,16605,24478,2310.0,0,38.194,0,1
1706039400000,16605,24478,2220.0,0,38.13,0,1
1706039700000,16605,24478,2596.0,0,43.376,0,1
1706040000000,16605,24478,2628.0,0,44.236,0,1
1706040300000,16605,24478,2688.0,0,44.582,0,1
1706040600000,16605,24478,2658.0,0,45.288000000000004,0,1
1706040900000,16605,24478,2580.0,0,42.236000000000004,0,1
1706041200000,16605,24478,2682.0,0,45.734,0,1
1706041500000,16605,24478,2686.0,0,46.77199999999999,0,1
1706041800000,16605,24478,2960.0,0,51.018,0,1
1706042100000,16605,24478,3006.0,0,52.342,0,1
1706042400000,16605,24478,2982.0,0,49.448,0,1
1706042700000,16605,24478,3256.0,0,52.716,0,1
1706043000000,16605,24478,3322.0,0,54.03,0,1
1706043300000,16605,24478,3354.0,0,56.733999999999995,0,1
1706043600000,16605,24478,3424.0,0,57.01,0,1
1706043900000,16605,24478,4032.0,0,66.39600000000002,0,1
1706044200000,16605,24478,4040.0,0,67.672,0,1
1706044500000,16605,24478,3935.0,0,65.071,0,1
1706044800000,16605,24478,4464.0,0,75.38400000000001,0,1
1706045100000,16605,24478,4744.0,0,76.268,0,1
1706045400000,16605,24478,4994.0,0,83.506,0,1
1706034600000,16605,24479,8016.0,0,5.694,0,1
1706034900000,16605,24479,8006.0,0,5.710000000000001,0,1
1706035200000,16605,24479,7976.0,0,5.608,0,1
1706035500000,16605,24479,8040.0,0,5.602,0,1
1706035800000,16605,24479,8016.0,0,5.741999999999998,0,1
1706036100000,16605,24479,8024.0,0,5.8199999999999985,0,1
1706036400000,16605,24479,8024.0,0,5.788,0,1
1706036700000,16605,24479,8016.0,0,5.739999999999999,0,1
1706037000000,16605,24479,7992.0,0,5.648,0,1
1706037300000,16605,24479,8024.0,0,5.7379999999999995,0,1
1706037600000,16605,24479,8040.0,0,5.628,0,1
1706037900000,16605,24479,8024.0,0,5.879999999999999,0,1
1706038200000,16605,24479,8008.0,0,5.816,0,1
1706038500000,16605,24479,7984.0,0,5.852,0,1
1706038800000,16605,24479,8040.0,0,5.635999999999999,0,1
1706039100000,16605,24479,8040.0,0,5.895999999999999,0,1
1706039400000,16605,24479,8024.0,0,5.858,0,1
1706039700000,16605,24479,7992.0,0,5.8260000000000005,0,1
1706040000000,16605,24479,8032.0,0,5.620000000000001,0,1
1706040300000,16605,24479,8008.0,0,5.593999999999999,0,1
1706040600000,16605,24479,8040.0,0,5.731999999999998,0,1
1706040900000,16605,24479,8032.0,0,5.67,0,1
1706041200000,16605,24479,8000.0,0,5.640000000000001,0,1
1706041500000,16605,24479,8040.0,0,5.808,0,1
1706041800000,16605,24479,8008.0,0,5.6979999999999995,0,1
1706042100000,16605,24479,8040.0,0,5.742000000000001,0,1
1706042400000,16605,24479,8024.0,0,5.719999999999999,0,1
1706042700000,16605,24479,8008.0,0,5.803999999999999,0,1
1706043000000,16605,24479,7984.0,0,5.798,0,1
1706043300000,16605,24479,7840.0,0,5.682,0,1
1706043600000,16605,24479,7848.0,0,5.609999999999999,0,1
1706043900000,16605,24479,7848.0,0,5.57,0,1
1706044200000,16605,24479,7864.0,0,5.6240000000000006,0,1
1706044500000,16605,24479,7872.0,0,5.502000000000001,0,1
1706044800000,16605,24479,7872.0,0,5.530000000000001,0,1
1706045100000,16605,24479,7864.0,0,5.492000000000001,0,1
1706045400000,16605,24479,7848.0,0,5.426,0,1
1706034600000,16605,24489,140.0,0,9.648,0,1
1706034900000,16605,24489,94.0,6,6.362000000000001,1,1
1706035200000,16605,24489,82.0,0,6.719999999999999,0,1
1706035500000,16605,24489,126.0,4,10.718,1,1
1706035800000,16605,24489,220.0,6,16.704,0,1
1706036100000,16605,24489,220.0,2,23.028,0,1
1706036400000,16605,24489,216.0,2,15.648,0,1
1706036700000,16605,24489,154.0,0,11.962,0,1
1706037000000,16605,24489,130.0,2,9.42,0,1
1706037300000,16605,24489,188.0,0,20.654000000000003,0,1
1706037600000,16605,24489,164.0,4,10.626,0,1
1706037900000,16605,24489,156.0,2,14.884,0,1
1706038200000,16605,24489,272.0,2,28.086,0,1
1706038500000,16605,24489,192.0,8,14.965999999999998,1,1
1706038800000,16605,24489,196.0,6,16.074,1,1
1706039100000,16605,24489,134.0,12,8.919999999999998,1,1
1706039400000,16605,24489,108.0,8,7.364,1,1
1706039700000,16605,24489,174.0,10,12.698,1,1
1706040000000,16605,24489,142.0,2,11.826000000000002,0,1
1706040300000,16605,24489,128.0,0,9.334,0,1
1706040600000,16605,24489,96.0,0,7.134000000000001,0,1
1706040900000,16605,24489,128.0,2,10.408,0,1
1706041200000,16605,24489,116.0,4,8.19,1,1
1706041500000,16605,24489,136.0,0,9.412,0,1
1706041800000,16605,24489,122.0,2,10.536,0,1
1706042100000,16605,24489,190.0,0,16.69,0,1
1706042400000,16605,24489,142.0,2,10.968,0,1
1706042700000,16605,24489,124.0,0,9.252,0,1
1706043000000,16605,24489,130.0,2,10.482,0,1
1706043300000,16605,24489,120.0,0,9.036,0,1
1706043600000,16605,24489,122.0,0,9.302000000000001,0,1
1706043900000,16605,24489,140.0,0,11.648,0,1
1706044200000,16605,24489,154.0,0,10.826,0,1
1706044500000,16605,24489,204.0,0,14.554,0,1
1706044800000,16605,24489,146.0,0,9.565999999999999,0,1
1706045100000,16605,24489,218.0,2,16.956,0,1
1706045400000,16605,24489,196.0,0,14.616,0,1
1706034600000,16605,24490,1982.0,0,4.204,0,1
1706034900000,16605,24490,2054.0,0,4.246,0,1
1706035200000,16605,24490,1996.0,0,4.134,0,1
1706035500000,16605,24490,2024.0,0,4.4319999999999995,0,1
1706035800000,16605,24490,2040.0,0,4.388000000000001,0,1
1706036100000,16605,24490,1918.0,0,4.126,0,1
1706036400000,16605,24490,1968.0,0,4.102,0,1
1706036700000,16605,24490,2036.0,0,4.404,0,1
1706037000000,16605,24490,1996.0,0,4.146,0,1
1706037300000,16605,24490,1898.0,0,4.094,0,1
1706037600000,16605,24490,2048.0,0,4.306,0,1
1706037900000,16605,24490,1912.0,0,4.072,0,1
1706038200000,16605,24490,1906.0,0,4.066,0,1
1706038500000,16605,24490,1936.0,0,4.168,0,1
1706038800000,16605,24490,2032.0,0,4.430000000000001,0,1
1706039100000,16605,24490,1976.0,0,4.394,0,1
1706039400000,16605,24490,2134.0,0,4.582,0,1
1706039700000,16605,24490,2142.0,0,4.574,0,1
1706040000000,16605,24490,2192.0,0,4.678,0,1
1706040300000,16605,24490,2386.0,0,5.045999999999999,0,1
1706040600000,16605,24490,2476.0,0,5.266,0,1
1706040900000,16605,24490,2374.0,0,5.09,0,1
1706041200000,16605,24490,2434.0,0,5.082,0,1
1706041500000,16605,24490,2564.0,0,5.296,0,1
1706041800000,16605,24490,2938.0,0,5.976,0,1
1706042100000,16605,24490,2748.0,0,5.632,0,1
1706042400000,16605,24490,3098.0,0,6.750000000000001,0,1
1706042700000,16605,24490,3312.0,0,7.188,0,1
1706043000000,16605,24490,3206.0,0,6.829999999999999,0,1
1706043300000,16605,24490,3484.0,0,7.325999999999999,0,1
1706043600000,16605,24490,3902.0,0,8.378,0,1
1706043900000,16605,24490,4006.0,0,8.427999999999999,0,1
1706044200000,16605,24490,4024.0,0,8.406,0,1
1706044500000,16605,24490,4418.0,0,9.438,0,1
1706044800000,16605,24490,4498.0,0,9.52,0,1
1706045100000,16605,24490,4530.0,0,9.606,0,1
1706045400000,16605,24490,5112.0,0,11.064000000000002,0,1
1706039100000,16605,24494,8.0,0,0.018,0,1
1706034600000,16605,24496,1982.0,0,40.912,0,1
1706034900000,16605,24496,2054.0,0,41.502,0,1
1706035200000,16605,24496,1996.0,0,42.72,0,1
1706035500000,16605,24496,2024.0,0,39.492000000000004,0,1
1706035800000,16605,24496,2040.0,0,37.48,0,1
1706036100000,16605,24496,1918.0,0,34.916,0,1
1706036400000,16605,24496,1968.0,0,38.062,0,1
1706036700000,16605,24496,2036.0,0,38.864,0,1
1706037000000,16605,24496,1996.0,0,42.924,0,1
1706037300000,16605,24496,1898.0,0,39.294,0,1
1706037600000,16605,24496,2048.0,0,37.426,0,1
1706037900000,16605,24496,1912.0,0,40.302,0,1
1706038200000,16605,24496,1906.0,0,41.464,0,1
1706038500000,16605,24496,1936.0,0,43.172,0,1
1706038800000,16605,24496,2032.0,0,46.42000000000001,0,1
1706039100000,16605,24496,1976.0,0,34.315999999999995,0,1
1706039400000,16605,24496,2134.0,0,44.89999999999999,0,1
1706039700000,16605,24496,2142.0,0,41.93599999999999,0,1
1706040000000,16605,24496,2192.0,0,43.99,0,1
1706040300000,16605,24496,2386.0,0,42.715999999999994,0,1
1706040600000,16605,24496,2476.0,0,51.488,0,1
1706040900000,16605,24496,2374.0,0,42.95399999999999,0,1
1706041200000,16605,24496,2434.0,0,32.756,0,1
1706041500000,16605,24496,2564.0,0,35.376,0,1
1706041800000,16605,24496,2938.0,0,40.272000000000006,0,1
1706042100000,16605,24496,2748.0,0,40.598,0,1
1706042400000,16605,24496,3098.0,0,52.37199999999999,0,1
1706042700000,16605,24496,3312.0,0,66.168,0,1
1706043000000,16605,24496,3206.0,0,54.846,0,1
1706043300000,16605,24496,3484.0,0,59.91,0,1
1706043600000,16605,24496,3902.0,0,67.094,0,1
1706043900000,16605,24496,4006.0,0,67.114,0,1
1706044200000,16605,24496,4024.0,0,67.32,0,1
1706044500000,16605,24496,4418.0,0,69.718,0,1
1706044800000,16605,24496,4498.0,0,73.182,0,1
1706045100000,16605,24496,4530.0,0,72.658,0,1
1706045400000,16605,24496,5112.0,0,88.664,0,1
1706036400000,16605,24497,2.0,0,0.074,0,1
1706044200000,16605,24497,2.0,0,0.232,0,1
1706034600000,16605,24500,264.0,4,18.864,0,1
1706034900000,16605,24500,306.0,0,19.702,0,1
1706035200000,16605,24500,314.0,2,26.102000000000004,0,1
1706035500000,16605,24500,334.0,6,22.620000000000005,0,1
1706035800000,16605,24500,302.0,8,20.497999999999998,0,1
1706036100000,16605,24500,266.0,2,18.13,0,1
1706036400000,16605,24500,290.0,4,22.188,0,1
1706036700000,16605,24500,308.0,4,20.352,0,1
1706037000000,16605,24500,314.0,6,22.88,0,1
1706037300000,16605,24500,264.0,4,17.38,0,1
1706037600000,16605,24500,252.0,4,16.82,0,1
1706037900000,16605,24500,308.0,6,21.136,0,1
1706038200000,16605,24500,310.0,6,23.848000000000003,0,1
1706038500000,16605,24500,292.0,4,20.344,0,1
1706038800000,16605,24500,318.0,18,20.832,1,1
1706039100000,16605,24500,240.0,2,18.206,0,1
1706039400000,16605,24500,350.0,12,26.876,1,1
1706039700000,16605,24500,318.0,6,27.968000000000004,0,1
1706040000000,16605,24500,310.0,6,21.398,0,1
1706040300000,16605,24500,302.0,2,21.36,0,1
1706040600000,16605,24500,330.0,4,23.451999999999998,0,1
1706040900000,16605,24500,324.0,8,23.738,0,1
1706041200000,16605,24500,340.0,4,21.762,0,1
1706041500000,16605,24500,428.0,12,28.252000000000006,0,1
1706041800000,16605,24500,428.0,4,32.802,0,1
1706042100000,16605,24500,430.0,4,34.14,0,1
1706042400000,16605,24500,494.0,4,32.486000000000004,0,1
1706042700000,16605,24500,436.0,8,28.418,0,1
1706043000000,16605,24500,422.0,4,27.362,0,1
1706043300000,16605,24500,486.0,4,30.476000000000006,0,1
1706043600000,16605,24500,532.0,0,36.07,0,1
1706043900000,16605,24500,512.0,6,34.366,0,1
1706044200000,16605,24500,532.0,6,35.699999999999996,0,1
1706044500000,16605,24500,664.0,4,45.194,0,1
1706044800000,16605,24500,620.0,2,39.038000000000004,0,1
1706045100000,16605,24500,668.0,4,42.618,0,1
1706045400000,16605,24500,682.0,6,45.756,0,1
1706037600000,16605,24501,4.0,0,0.06,0,1
1706038500000,16605,24501,2.0,0,0.074,0,1
1706042100000,16605,24501,4.0,0,0.06999999999999999,0,1
1706042400000,16605,24501,4.0,0,0.1,0,1
1706043000000,16605,24501,2.0,0,0.072,0,1
1706043600000,16605,24501,2.0,0,0.03,0,1
1706034600000,16605,24503,4008.0,0,222.918,0,1
1706034900000,16605,24503,4208.0,0,235.32000000000005,0,1
1706035200000,16605,24503,3810.0,0,219.25599999999997,0,1
1706035500000,16605,24503,4126.0,0,228.94,0,1
1706035800000,16605,24503,4028.0,0,234.952,0,1
1706036100000,16605,24503,3870.0,0,213.268,0,1
1706036400000,16605,24503,3998.0,0,231.67999999999998,0,1
1706036700000,16605,24503,3990.0,0,226.84199999999996,0,1
1706037000000,16605,24503,4112.0,0,244.692,0,1
1706037300000,16605,24503,3808.0,0,207.578,0,1
1706037600000,16605,24503,4000.0,0,216.75599999999997,0,1
1706037900000,16605,24503,3918.0,0,218.602,0,1
1706038200000,16605,24503,3820.0,0,209.582,0,1
1706038500000,16605,24503,3906.0,0,210.39600000000002,0,1
1706038800000,16605,24503,3982.0,0,234.994,0,1
1706039100000,16605,24503,3992.0,0,218.38,0,1
1706039400000,16605,24503,4124.0,0,232.098,0,1
1706039700000,16605,24503,4282.0,0,236.24399999999997,0,1
1706040000000,16605,24503,4356.0,0,231.38200000000003,0,1
1706040300000,16605,24503,4754.0,0,256.31,0,1
1706040600000,16605,24503,4922.0,0,271.522,0,1
1706040900000,16605,24503,4750.0,0,262.82,0,1
1706041200000,16605,24503,4954.0,0,206.796,0,1
1706041500000,16605,24503,4994.0,0,213.8,0,1
1706041800000,16605,24503,5882.0,0,252.076,0,1
1706042100000,16605,24503,5534.0,0,241.69400000000005,0,1
1706042400000,16605,24503,6194.0,0,300.868,0,1
1706042700000,16605,24503,6472.0,0,354.71799999999996,0,1
1706043000000,16605,24503,6364.0,0,321.752,0,1
1706043300000,16605,24503,6708.0,0,340.59,0,1
1706043600000,16605,24503,7606.0,0,381.06399999999996,0,1
1706043900000,16605,24503,8244.0,0,384.64799999999997,0,1
1706044200000,16605,24503,8134.0,0,399.44000000000005,0,1
1706044500000,16605,24503,8780.0,0,407.424,0,1
1706044800000,16605,24503,9034.0,0,438.958,0,1
1706045100000,16605,24503,9080.0,0,429.312,0,1
1706045400000,16605,24503,10330.0,0,492.162,0,1
1706034600000,16605,24504,12.0,0,0.086,0,1
1706034900000,16605,24504,2.0,0,0.022,0,1
1706035200000,16605,24504,2.0,0,0.02,0,1
1706035500000,16605,24504,8.0,0,0.052000000000000005,0,1
1706035800000,16605,24504,2.0,0,0.008,0,1
1706036100000,16605,24504,2.0,0,0.022,0,1
1706036400000,16605,24504,10.0,0,0.076,0,1
1706036700000,16605,24504,4.0,0,0.032,0,1
1706037000000,16605,24504,4.0,0,0.022,0,1
1706037300000,16605,24504,12.0,0,0.08,0,1
1706037600000,16605,24504,6.0,0,0.056,0,1
1706037900000,16605,24504,4.0,0,0.02,0,1
1706038200000,16605,24504,10.0,0,0.086,0,1
1706038500000,16605,24504,4.0,0,0.03,0,1
1706038800000,16605,24504,4.0,0,0.02,0,1
1706039100000,16605,24504,8.0,0,0.072,0,1
1706039400000,16605,24504,4.0,0,0.018000000000000002,0,1
1706039700000,16605,24504,2.0,0,0.028,0,1
1706040000000,16605,24504,10.0,0,0.08199999999999999,0,1
1706040300000,16605,24504,2.0,0,0.018,0,1
1706040600000,16605,24504,4.0,0,0.044000000000000004,0,1
1706040900000,16605,24504,8.0,0,0.055999999999999994,0,1
1706041200000,16605,24504,4.0,0,0.02,0,1
1706041500000,16605,24504,2.0,0,0.032,0,1
1706041800000,16605,24504,10.0,0,0.11000000000000001,0,1
1706042100000,16605,24504,2.0,0,0.008,0,1
1706042400000,16605,24504,2.0,0,0.02,0,1
1706042700000,16605,24504,10.0,0,0.072,0,1
1706043000000,16605,24504,2.0,0,0.022,0,1
1706043300000,16605,24504,2.0,0,0.024,0,1
1706043600000,16605,24504,8.0,0,0.042,0,1
1706043900000,16605,24504,2.0,0,0.022,0,1
1706044200000,16605,24504,2.0,0,0.02,0,1
1706044500000,16605,24504,8.0,0,0.066,0,1
1706044800000,16605,24504,2.0,0,0.022,0,1
1706045100000,16605,24504,2.0,0,0.028,0,1
1706045400000,16605,24504,8.0,0,0.08,0,1
1706034600000,16605,24505,54.0,0,0.528,0,1
1706034900000,16605,24505,58.0,0,0.24,0,1
1706035200000,16605,24505,36.0,0,0.11599999999999999,0,1
1706035500000,16605,24505,58.0,0,0.20999999999999996,0,1
1706035800000,16605,24505,28.0,0,0.20800000000000002,0,1
1706036100000,16605,24505,40.0,0,0.196,0,1
1706036400000,16605,24505,34.0,0,0.194,0,1
1706036700000,16605,24505,26.0,0,0.07800000000000001,0,1
1706037000000,16605,24505,18.0,0,0.09199999999999998,0,1
1706037300000,16605,24505,16.0,0,0.08600000000000002,0,1
1706037600000,16605,24505,44.0,0,0.228,0,1
1706037900000,16605,24505,40.0,0,0.14600000000000002,0,1
1706038200000,16605,24505,70.0,0,0.43599999999999994,0,1
1706038500000,16605,24505,46.0,0,0.23199999999999998,0,1
1706038800000,16605,24505,42.0,0,0.148,0,1
1706039100000,16605,24505,82.0,0,0.376,0,1
1706039400000,16605,24505,46.0,0,0.19199999999999998,0,1
1706039700000,16605,24505,42.0,0,0.22600000000000003,0,1
1706040000000,16605,24505,34.0,0,0.15,0,1
1706040300000,16605,24505,44.0,0,0.136,0,1
1706040600000,16605,24505,82.0,0,0.456,0,1
1706040900000,16605,24505,64.0,0,0.29600000000000004,0,1
1706041200000,16605,24505,96.0,0,0.374,0,1
1706041500000,16605,24505,54.0,0,0.34600000000000003,0,1
1706041800000,16605,24505,42.0,0,0.26,0,1
1706042100000,16605,24505,118.0,0,0.7040000000000001,0,1
1706042400000,16605,24505,48.0,0,0.34199999999999997,0,1
1706042700000,16605,24505,40.0,0,0.14400000000000002,0,1
1706043000000,16605,24505,100.0,0,0.7360000000000001,0,1
1706043300000,16605,24505,70.0,0,0.22799999999999998,0,1
1706043600000,16605,24505,64.0,0,0.232,0,1
1706043900000,16605,24505,76.0,0,0.346,0,1
1706044200000,16605,24505,112.0,0,0.46399999999999997,0,1
1706044500000,16605,24505,94.0,0,0.5840000000000001,0,1
1706044800000,16605,24505,58.0,0,0.3960000000000001,0,1
1706045100000,16605,24505,88.0,0,0.4,0,1
1706045400000,16605,24505,42.0,0,0.14,0,1
1706041200000,16605,24506,84764.0,0,89.358,0,1
1706041500000,16605,24506,87280.0,0,92.32,0,1
1706041800000,16605,24506,86938.0,0,91.36399999999999,0,1
1706042100000,16605,24506,69860.0,0,73.59400000000001,0,1
1706042400000,16605,24506,5712.0,0,5.922,0,1
1706034600000,16605,24508,70.0,0,0.308,0,1
1706034900000,16605,24508,68.0,0,0.224,0,1
1706035200000,16605,24508,74.0,0,0.32000000000000006,0,1
1706035500000,16605,24508,80.0,0,0.32,0,1
1706035800000,16605,24508,68.0,0,0.276,0,1
1706036100000,16605,24508,62.0,0,0.29400000000000004,0,1
1706036400000,16605,24508,84.0,0,0.292,0,1
1706036700000,16605,24508,56.0,0,0.16999999999999998,0,1
1706037000000,16605,24508,78.0,0,0.364,0,1
1706037300000,16605,24508,60.0,0,0.24799999999999997,0,1
1706037600000,16605,24508,62.0,0,0.184,0,1
1706037900000,16605,24508,84.0,0,0.318,0,1
1706038200000,16605,24508,62.0,0,0.17000000000000004,0,1
1706038500000,16605,24508,60.0,0,0.262,0,1
1706038800000,16605,24508,62.0,0,0.272,0,1
1706039100000,16605,24508,66.0,0,0.28600000000000003,0,1
1706039400000,16605,24508,80.0,0,0.28,0,1
1706039700000,16605,24508,60.0,0,0.20800000000000002,0,1
1706040000000,16605,24508,102.0,0,0.39,0,1
1706040300000,16605,24508,80.0,0,0.28200000000000003,0,1
1706040600000,16605,24508,74.0,0,0.274,0,1
1706040900000,16605,24508,68.0,0,0.30000000000000004,0,1
1706041200000,16605,24508,78.0,0,0.274,0,1
1706041500000,16605,24508,64.0,0,0.23000000000000004,0,1
1706041800000,16605,24508,88.0,0,0.3340000000000001,0,1
1706042100000,16605,24508,100.0,0,0.38999999999999996,0,1
1706042400000,16605,24508,94.0,0,0.38199999999999995,0,1
1706042700000,16605,24508,78.0,0,0.33999999999999997,0,1
1706043000000,16605,24508,94.0,0,0.37,0,1
1706043300000,16605,24508,72.0,0,0.328,0,1
1706043600000,16605,24508,142.0,0,0.4499999999999999,0,1
1706043900000,16605,24508,190.0,0,0.7,0,1
1706044200000,16605,24508,172.0,0,0.586,0,1
1706044500000,16605,24508,156.0,0,0.638,0,1
1706044800000,16605,24508,140.0,0,0.632,0,1
1706045100000,16605,24508,148.0,0,0.594,0,1
1706045400000,16605,24508,206.0,0,0.69,0,1
1706034600000,16605,24509,124.0,0,5.5600000000000005,0,1
1706034900000,16605,24509,118.0,0,4.382000000000001,0,1
1706035200000,16605,24509,124.0,0,4.3580000000000005,0,1
1706035500000,16605,24509,120.0,0,3.7119999999999993,0,1
1706035800000,16605,24509,124.0,0,4.7219999999999995,0,1
1706036100000,16605,24509,120.0,0,3.1740000000000004,0,1
1706036400000,16605,24509,124.0,0,4.0120000000000005,0,1
1706036700000,16605,24509,120.0,0,4.717999999999999,0,1
1706037000000,16605,24509,124.0,0,4.206,0,1
1706037300000,16605,24509,120.0,0,4.332,0,1
1706037600000,16605,24509,124.0,0,5.015999999999999,0,1
1706037900000,16605,24509,120.0,0,4.034,0,1
1706038200000,16605,24509,124.0,0,4.79,0,1
1706038500000,16605,24509,120.0,0,3.956,0,1
1706038800000,16605,24509,124.0,0,4.62,0,1
1706039100000,16605,24509,120.0,0,4.16,0,1
1706039400000,16605,24509,124.0,0,4.678,0,1
1706039700000,16605,24509,120.0,0,3.7399999999999993,0,1
1706040000000,16605,24509,124.0,0,5.044,0,1
1706040300000,16605,24509,120.0,0,5.102,0,1
1706040600000,16605,24509,124.0,0,4.68,0,1
1706040900000,16605,24509,120.0,0,6.42,0,1
1706041200000,16605,24509,124.0,0,4.616,0,1
1706041500000,16605,24509,120.0,0,4.422000000000001,0,1
1706041800000,16605,24509,124.0,0,4.789999999999999,0,1
1706042100000,16605,24509,120.0,0,4.696,0,1
1706042400000,16605,24509,124.0,0,6.002,0,1
1706042700000,16605,24509,120.0,0,4.5600000000000005,0,1
1706043000000,16605,24509,124.0,0,5.032,0,1
1706043300000,16605,24509,120.0,0,4.27,0,1
1706043600000,16605,24509,124.0,0,5.824,0,1
1706043900000,16605,24509,120.0,0,4.328,0,1
1706044200000,16605,24509,124.0,0,5.077999999999999,0,1
1706044500000,16605,24509,120.0,0,5.846,0,1
1706044800000,16605,24509,124.0,0,4.986000000000001,0,1
1706045100000,16605,24509,120.0,0,4.712,0,1
1706045400000,16605,24509,124.0,0,5.064,0,1
1706034600000,16605,24511,70.0,30,7.373999999999999,1,1
1706034900000,16605,24511,68.0,30,5.460000000000001,1,1
1706035200000,16605,24511,74.0,22,7.528,1,1
1706035500000,16605,24511,80.0,34,6.911999999999999,1,1
1706035800000,16605,24511,68.0,26,6.248,1,1
1706036100000,16605,24511,62.0,16,7.455999999999999,1,1
1706036400000,16605,24511,84.0,26,8.208,1,1
1706036700000,16605,24511,56.0,20,4.638,1,1
1706037000000,16605,24511,78.0,36,6.819999999999999,1,1
1706037300000,16605,24511,60.0,22,5.65,1,1
1706037600000,16605,24511,62.0,22,6.596000000000001,1,1
1706037900000,16605,24511,80.0,36,6.036,1,1
1706038200000,16605,24511,56.0,24,4.5,1,1
1706038500000,16605,24511,60.0,30,5.744,1,1
1706038800000,16605,24511,62.0,26,5.986,1,1
1706039100000,16605,24511,56.0,26,4.836,1,1
1706039400000,16605,24511,76.0,28,6.378,1,1
1706039700000,16605,24511,60.0,26,4.972,1,1
1706040000000,16605,24511,84.0,30,6.513999999999999,1,1
1706040300000,16605,24511,70.0,32,5.814,1,1
1706040600000,16605,24511,68.0,20,7.029999999999999,1,1
1706040900000,16605,24511,68.0,28,6.539999999999999,1,1
1706041200000,16605,24511,72.0,34,5.904,1,1
1706041500000,16605,24511,60.0,28,5.6979999999999995,1,1
1706041800000,16605,24511,88.0,36,8.584,1,1
1706042100000,16605,24511,100.0,28,11.501999999999999,1,1
1706042400000,16605,24511,92.0,24,11.258,1,1
1706042700000,16605,24511,78.0,22,8.712000000000002,1,1
1706043000000,16605,24511,92.0,30,11.904000000000002,1,1
1706043300000,16605,24511,70.0,20,6.982,1,1
1706043600000,16605,24511,142.0,64,11.447999999999999,1,1
1706043900000,16605,24511,190.0,102,14.828,1,1
1706044200000,16605,24511,166.0,60,13.533999999999999,1,1
1706044500000,16605,24511,156.0,50,15.572000000000001,1,1
1706044800000,16605,24511,134.0,42,13.246000000000002,1,1
1706045100000,16605,24511,140.0,52,13.712,1,1
1706045400000,16605,24511,206.0,70,18.221999999999998,1,1
1706041500000,16605,24512,24.0,0,0.008,0,0
1706039100000,16605,24519,2.0,0,0.388,0,1
1706043600000,16605,24519,2.0,0,0.33,0,1
1706034600000,16605,24520,7370.0,266,276.59799999999996,1,0
1706034900000,16605,24520,7172.0,186,258.24399999999997,0,0
1706035200000,16605,24520,7074.0,250,265.94599999999997,1,0
1706035500000,16605,24520,7320.0,250,253.11399999999998,1,0
1706035800000,16605,24520,7294.0,306,270.904,1,0
1706036100000,16605,24520,7068.0,312,259.388,1,0
1706036400000,16605,24520,7256.0,246,256.69,1,0
1706036700000,16605,24520,7032.0,210,264.576,0,0
1706037000000,16605,24520,7086.0,182,256.32000000000005,0,0
1706037300000,16605,24520,6758.0,180,242.50600000000003,0,0
1706037600000,16605,24520,7104.0,192,260.434,0,0
1706037900000,16605,24520,6770.0,210,251.77400000000003,1,0
1706038200000,16605,24520,6972.0,222,256.38,1,0
1706038500000,16605,24520,7106.0,178,260.8,0,0
1706038800000,16605,24520,7080.0,210,263.26800000000003,0,0
1706039100000,16605,24520,6922.0,194,252.99,0,0
1706039400000,16605,24520,6469.0,262,233.272,1,0
1706039700000,16605,24520,7740.0,204,282.998,0,0
1706040000000,16605,24520,7854.0,212,283.44,0,0
1706040300000,16605,24520,8274.0,236,293.37600000000003,0,0
1706040600000,16605,24520,8396.0,250,297.176,0,0
1706040900000,16605,24520,8036.0,218,291.864,0,0
1706041200000,16605,24520,110398.0,17552,3037.9380000000006,1,0
1706041500000,16605,24520,114118.0,18618,3148.512,1,0
1706041800000,16605,24520,114962.0,18738,3199.814,1,0
1706042100000,16605,24520,94176.0,15156,2701.508,1,0
1706042400000,16605,24520,16702.0,1332,540.252,1,0
1706042700000,16605,24520,10650.0,336,380.318,1,0
1706043000000,16605,24520,10652.0,316,366.89,0,0
1706043300000,16605,24520,11018.0,242,375.14799999999997,0,0
1706043600000,16605,24520,12038.0,348,408.538,0,0
1706043900000,16605,24520,13106.0,340,442.73199999999997,0,0
1706044200000,16605,24520,13086.0,322,445.548,0,0
1706044500000,16605,24520,14322.0,362,473.4980000000001,0,0
1706044800000,16605,24520,14562.0,428,484.44599999999997,0,0
1706045100000,16605,24520,14896.0,320,494.978,0,0
1706045400000,16605,24520,16400.0,416,546.4140000000001,0,0
1706036100000,16605,24521,6.0,0,0.004,0,1
1706036400000,16605,24521,18.0,0,0.01,0,1
1706039700000,16605,24521,8.0,0,0.004,0,1
1706040000000,16605,24521,16.0,0,0.004,0,0
1706043300000,16605,24521,10.0,0,0.002,0,0
1706043600000,16605,24521,14.0,0,0.006,0,0
1706034600000,16605,24522,4.0,4,0.052,1,1
1706035200000,16605,24522,4.0,4,0.04,1,1
1706035800000,16605,24522,4.0,4,0.042,1,1
1706036400000,16605,24522,4.0,4,0.046,1,1
1706037000000,16605,24522,4.0,4,0.04,1,1
1706037600000,16605,24522,4.0,4,0.05,1,1
1706038200000,16605,24522,4.0,4,0.05,1,1
1706038800000,16605,24522,4.0,4,0.042,1,1
1706039100000,16605,24522,6.0,0,0.206,0,1
1706039400000,16605,24522,4.0,4,0.044,1,1
1706040000000,16605,24522,4.0,4,0.044,1,1
1706040600000,16605,24522,4.0,4,0.05,1,1
1706041200000,16605,24522,4.0,4,0.044,1,1
1706041500000,16605,24522,2.0,0,0.098,0,1
1706041800000,16605,24522,4.0,4,0.044,1,1
1706042400000,16605,24522,4.0,4,0.356,1,1
1706043000000,16605,24522,4.0,4,0.046,1,1
1706043600000,16605,24522,6.0,4,0.132,1,1
1706044200000,16605,24522,4.0,4,0.044,1,1
1706044800000,16605,24522,4.0,4,0.044,1,1
1706045400000,16605,24522,4.0,4,0.044,1,1
1706034600000,16605,24523,9354.0,266,127.52799999999999,0,1
1706034900000,16605,24523,9272.0,186,124.334,0,1
1706035200000,16605,24523,9006.0,250,124.984,0,1
1706035500000,16605,24523,9406.0,250,125.79599999999999,0,1
1706035800000,16605,24523,9362.0,306,124.96000000000001,1,1
1706036100000,16605,24523,8984.0,312,122.28999999999999,1,1
1706036400000,16605,24523,9284.0,246,125.718,0,1
1706036700000,16605,24523,9042.0,210,124.318,0,1
1706037000000,16605,24523,9168.0,182,123.584,0,1
1706037300000,16605,24523,8664.0,180,118.55799999999999,0,1
1706037600000,16605,24523,9132.0,192,124.94,0,1
1706037900000,16605,24523,8728.0,210,119.69800000000001,0,1
1706038200000,16605,24523,8898.0,222,121.12599999999999,0,1
1706038500000,16605,24523,9094.0,178,123.814,0,1
1706038800000,16605,24523,9146.0,210,122.29200000000002,0,1
1706039100000,16605,24523,8938.0,194,122.516,0,1
1706039400000,16605,24523,9238.0,262,124.05800000000002,0,1
1706039700000,16605,24523,9902.0,204,135.532,0,1
1706040000000,16605,24523,10068.0,212,138.64,0,1
1706040300000,16605,24523,10674.0,236,144.776,0,1
1706040600000,16605,24523,10912.0,250,146.164,0,1
1706040900000,16605,24523,10428.0,218,141.62,0,1
1706041200000,16605,24523,112872.0,17552,1511.2,1,1
1706041500000,16605,24523,116676.0,18618,1578.894,1,1
1706041800000,16605,24523,117916.0,18738,1635.332,1,1
1706042100000,16605,24523,96974.0,15156,1367.1060000000002,1,1
1706042400000,16605,24523,19816.0,1332,267.618,1,1
1706042700000,16605,24523,13946.0,336,184.81600000000006,0,1
1706043000000,16605,24523,13866.0,316,184.998,0,1
1706043300000,16605,24523,14464.0,242,192.522,0,1
1706043600000,16605,24523,15920.0,348,210.07399999999996,0,1
1706043900000,16605,24523,17214.0,340,231.43200000000002,0,1
1706044200000,16605,24523,17152.0,322,230.83599999999998,0,1
1706044500000,16605,24523,18806.0,362,252.78200000000004,0,1
1706044800000,16605,24523,19108.0,428,254.558,0,1
1706045100000,16605,24523,19464.0,320,263.902,0,1
1706045400000,16605,24523,21536.0,416,291.432,0,1
1706034600000,16605,24524,54.0,0,0.95,0,1
1706034900000,16605,24524,58.0,0,0.8420000000000001,0,1
1706035200000,16605,24524,36.0,0,0.5720000000000001,0,1
1706035500000,16605,24524,58.0,0,0.9040000000000001,0,1
1706035800000,16605,24524,28.0,0,0.534,0,1
1706036100000,16605,24524,40.0,0,0.6239999999999999,0,1
1706036400000,16605,24524,34.0,0,0.8500000000000001,0,1
1706036700000,16605,24524,26.0,0,0.498,0,1
1706037000000,16605,24524,18.0,0,0.306,0,1
1706037300000,16605,24524,16.0,0,0.734,0,1
1706037600000,16605,24524,44.0,0,1.0819999999999999,0,1
1706037900000,16605,24524,40.0,0,0.848,0,1
1706038200000,16605,24524,70.0,0,1.06,0,1
1706038500000,16605,24524,46.0,0,1.1400000000000001,0,1
1706038800000,16605,24524,42.0,0,0.5760000000000001,0,1
1706039100000,16605,24524,82.0,0,1.274,0,1
1706039400000,16605,24524,46.0,0,0.894,0,1
1706039700000,16605,24524,44.0,0,1.008,0,1
1706040000000,16605,24524,34.0,0,0.584,0,1
1706040300000,16605,24524,44.0,0,0.824,0,1
1706040600000,16605,24524,82.0,0,2.048,0,1
1706040900000,16605,24524,64.0,0,1.44,0,1
1706041200000,16605,24524,96.0,0,1.304,0,1
1706041500000,16605,24524,54.0,0,1.628,0,1
1706041800000,16605,24524,42.0,0,0.8700000000000001,0,1
1706042100000,16605,24524,118.0,0,2.5780000000000003,0,1
1706042400000,16605,24524,48.0,0,1.3900000000000001,0,1
1706042700000,16605,24524,40.0,0,0.5840000000000001,0,1
1706043000000,16605,24524,100.0,0,2.44,0,1
1706043300000,16605,24524,70.0,0,1.23,0,1
1706043600000,16605,24524,64.0,0,1.254,0,1
1706043900000,16605,24524,76.0,0,1.3060000000000003,0,1
1706044200000,16605,24524,112.0,0,1.984,0,1
1706044500000,16605,24524,94.0,0,1.71,0,1
1706044800000,16605,24524,58.0,0,1.1800000000000002,0,1
1706045100000,16605,24524,88.0,0,1.548,0,1
1706045400000,16605,24524,42.0,0,0.536,0,1
1706034600000,16605,24525,1748.0,904,769.432,1,0
1706034900000,16605,24525,1732.0,820,732.122,1,0
1706035200000,16605,24525,1622.0,808,699.6,1,0
1706035500000,16605,24525,1666.0,844,717.142,1,0
1706035800000,16605,24525,1676.0,838,710.916,1,0
1706036100000,16605,24525,1666.0,848,705.9019999999998,1,0
1706036400000,16605,24525,1654.0,806,710.032,1,0
1706036700000,16605,24525,1666.0,804,729.168,1,0
1706037000000,16605,24525,1682.0,872,711.8419999999999,1,0
1706037300000,16605,24525,1642.0,788,739.296,1,0
1706037600000,16605,24525,1736.0,828,757.1580000000001,1,0
1706037900000,16605,24525,1606.0,802,701.004,1,0
1706038200000,16605,24525,1626.0,814,694.61,1,0
1706038500000,16605,24525,1632.0,768,712.3919999999999,1,0
1706038800000,16605,24525,1622.0,828,707.832,1,0
1706039100000,16605,24525,1716.0,834,734.8140000000001,1,0
1706039400000,16605,24525,1672.0,860,717.4319999999999,1,0
1706039700000,16605,24525,1774.0,886,770.424,1,0
1706040000000,16605,24525,1802.0,922,791.31,1,0
1706040300000,16605,24525,2014.0,1024,867.43,1,0
1706040600000,16605,24525,2086.0,1076,878.8539999999999,1,0
1706040900000,16605,24525,2048.0,1054,874.516,1,0
1706041200000,16605,24525,2120.0,1038,917.972,1,0
1706041500000,16605,24525,2140.0,1060,924.28,1,0
1706041800000,16605,24525,2490.0,1276,1102.864,1,0
1706042100000,16605,24525,2296.0,1138,1025.174,1,0
1706042400000,16605,24525,2608.0,1372,1104.686,1,0
1706042700000,16605,24525,2722.0,1356,1162.118,1,0
1706043000000,16605,24525,2698.0,1382,1163.6879999999999,1,0
1706043300000,16605,24525,2866.0,1470,1209.5639999999999,1,0
1706043600000,16605,24525,3174.0,1680,1342.194,1,0
1706043900000,16605,24525,3450.0,1748,1433.6779999999999,1,0
1706044200000,16605,24525,3450.0,1644,1458.776,1,0
1706044500000,16605,24525,3652.0,1852,1514.4799999999998,1,0
1706044800000,16605,24525,3908.0,1930,1661.818,1,0
1706045100000,16605,24525,3884.0,2026,1611.4540000000002,1,0
1706045400000,16605,24525,4448.0,2196,1862.154,1,0
1706041500000,16605,24527,2.0,0,0.0,0,0
1706041500000,16605,24528,2.0,0,0.022,0,1
1706034600000,16605,24529,54.0,0,2.186,0,1
1706034900000,16605,24529,58.0,0,2.542,0,1
1706035200000,16605,24529,36.0,0,1.7279999999999998,0,1
1706035500000,16605,24529,58.0,0,2.508,0,1
1706035800000,16605,24529,28.0,0,1.2559999999999998,0,1
1706036100000,16605,24529,40.0,0,2.096,0,1
1706036400000,16605,24529,34.0,0,1.8519999999999999,0,1
1706036700000,16605,24529,26.0,0,1.566,0,1
1706037000000,16605,24529,18.0,0,0.964,0,1
1706037300000,16605,24529,16.0,0,1.4340000000000002,0,1
1706037600000,16605,24529,44.0,0,4.284,0,1
1706037900000,16605,24529,40.0,0,1.8479999999999999,0,1
1706038200000,16605,24529,70.0,0,3.304,0,1
1706038500000,16605,24529,46.0,0,2.254,0,1
1706038800000,16605,24529,42.0,0,1.8000000000000003,0,1
1706039100000,16605,24529,82.0,0,3.2620000000000005,0,1
1706039400000,16605,24529,46.0,0,2.35,0,1
1706039700000,16605,24529,44.0,0,2.9880000000000004,0,1
1706040000000,16605,24529,34.0,0,1.6540000000000001,0,1
1706040300000,16605,24529,44.0,0,1.7139999999999997,0,1
1706040600000,16605,24529,82.0,0,5.932,0,1
1706040900000,16605,24529,64.0,0,3.636,0,1
1706041200000,16605,24529,96.0,0,3.3419999999999996,0,1
1706041500000,16605,24529,54.0,0,3.0460000000000003,0,1
1706041800000,16605,24529,42.0,0,1.6400000000000001,0,1
1706042100000,16605,24529,118.0,0,5.428,0,1
1706042400000,16605,24529,48.0,0,2.7700000000000005,0,1
1706042700000,16605,24529,40.0,0,1.646,0,1
1706043000000,16605,24529,100.0,0,6.82,0,1
1706043300000,16605,24529,70.0,0,3.6340000000000003,0,1
1706043600000,16605,24529,64.0,0,3.264,0,1
1706043900000,16605,24529,76.0,0,2.708,0,1
1706044200000,16605,24529,112.0,0,6.036,0,1
1706044500000,16605,24529,94.0,0,4.076,0,1
1706044800000,16605,24529,58.0,0,2.378,0,1
1706045100000,16605,24529,88.0,0,3.8579999999999997,0,1
1706045400000,16605,24529,42.0,0,1.8780000000000001,0,1
1706034600000,16605,24532,1746.0,0,3.76,0,1
1706034900000,16605,24532,1734.0,0,3.5159999999999996,0,1
1706035200000,16605,24532,1620.0,0,3.2820000000000005,0,1
1706035500000,16605,24532,1670.0,0,3.446,0,1
1706035800000,16605,24532,1674.0,0,3.3720000000000003,0,1
1706036100000,16605,24532,1666.0,0,3.4879999999999995,0,1
1706036400000,16605,24532,1472.0,0,3.0380000000000003,0,1
1706036700000,16605,24532,1664.0,0,3.4699999999999998,0,1
1706037000000,16605,24532,1684.0,0,3.472,0,1
1706037300000,16605,24532,1640.0,0,3.6,0,1
1706037600000,16605,24532,1738.0,0,3.59,0,1
1706037900000,16605,24532,1610.0,0,3.592,0,1
1706038200000,16605,24532,1620.0,0,3.344,0,1
1706038500000,16605,24532,1636.0,0,3.394,0,1
1706038800000,16605,24532,1620.0,0,3.4499999999999997,0,1
1706039100000,16605,24532,1712.0,0,3.5340000000000003,0,1
1706039400000,16605,24532,1676.0,0,3.5440000000000005,0,1
1706039700000,16605,24532,1772.0,0,3.694,0,1
1706040000000,16605,24532,1802.0,0,3.8160000000000003,0,1
1706040300000,16605,24532,2014.0,0,4.248,0,1
1706040600000,16605,24532,2088.0,0,4.1979999999999995,0,1
1706040900000,16605,24532,2046.0,0,4.266,0,1
1706041200000,16605,24532,2118.0,0,4.3740000000000006,0,1
1706041500000,16605,24532,2142.0,0,4.284,0,1
1706041800000,16605,24532,2234.0,0,4.602,0,1
1706042100000,16605,24532,2294.0,0,4.670000000000001,0,1
1706042400000,16605,24532,2610.0,0,5.312,0,1
1706042700000,16605,24532,2718.0,0,5.538,0,1
1706043000000,16605,24532,2700.0,0,5.654,0,1
1706043300000,16605,24532,2864.0,0,5.859999999999999,0,1
1706043600000,16605,24532,3174.0,0,6.57,0,1
1706043900000,16605,24532,3456.0,0,7.0139999999999985,0,1
1706044200000,16605,24532,3444.0,0,7.11,0,1
1706044500000,16605,24532,3654.0,0,7.359999999999999,0,1
1706044800000,16605,24532,3908.0,0,8.193999999999999,0,1
1706045100000,16605,24532,3882.0,0,7.914000000000001,0,1
1706045400000,16605,24532,4472.0,0,9.078,0,1
1706037600000,16605,24535,4.0,4,0.134,1,1
1706038500000,16605,24535,2.0,2,0.042,1,1
1706042100000,16605,24535,4.0,4,0.34,1,1
1706042400000,16605,24535,6.0,6,11.07,1,1
1706043000000,16605,24535,2.0,2,0.054,1,1
1706043600000,16605,24535,2.0,2,0.058,1,1
1706039100000,16605,24536,2.0,0,0.004,0,1
1706034600000,16605,24540,1816.0,0,7.6259999999999994,0,1
1706034900000,16605,24540,1802.0,0,7.040000000000001,0,1
1706035200000,16605,24540,1694.0,0,6.777999999999999,0,1
1706035500000,16605,24540,1748.0,0,7.074,0,1
1706035800000,16605,24540,1744.0,0,6.856,0,1
1706036100000,16605,24540,1728.0,0,6.958,0,1
1706036400000,16605,24540,1740.0,0,6.82,0,1
1706036700000,16605,24540,1720.0,0,7.013999999999999,0,1
1706037000000,16605,24540,1762.0,0,7.196,0,1
1706037300000,16605,24540,1700.0,0,7.292,0,1
1706037600000,16605,24540,1800.0,0,7.246,0,1
1706037900000,16605,24540,1694.0,4,6.876,0,1
1706038200000,16605,24540,1682.0,6,6.716,0,1
1706038500000,16605,24540,1696.0,0,6.788,0,1
1706038800000,16605,24540,1682.0,0,6.992000000000001,0,1
1706039100000,16605,24540,1778.0,10,7.026000000000001,0,1
1706039400000,16605,24540,1756.0,4,7.01,0,1
1706039700000,16605,24540,1832.0,0,7.326,0,1
1706040000000,16605,24540,1902.0,18,7.877999999999999,0,1
1706040300000,16605,24540,2096.0,10,8.716000000000001,0,1
1706040600000,16605,24540,2162.0,6,8.434000000000001,0,1
1706040900000,16605,24540,2114.0,0,8.622,0,1
1706041200000,16605,24540,2196.0,6,9.158,0,1
1706041500000,16605,24540,2206.0,4,8.816,0,1
1706041800000,16605,24540,2582.0,0,10.453999999999999,0,1
1706042100000,16605,24540,2394.0,0,9.632,0,1
1706042400000,16605,24540,2704.0,2,10.798,0,1
1706042700000,16605,24540,2796.0,0,11.324,0,1
1706043000000,16605,24540,2794.0,2,11.424,0,1
1706043300000,16605,24540,2936.0,2,11.882,0,1
1706043600000,16605,24540,3316.0,0,13.314,0,1
1706043900000,16605,24540,3646.0,0,14.498000000000001,0,1
1706044200000,16605,24540,3616.0,6,14.546,0,1
1706044500000,16605,24540,3810.0,0,15.350000000000001,0,1
1706044800000,16605,24540,4048.0,6,16.576,0,1
1706045100000,16605,24540,4030.0,8,16.246,0,1
1706045400000,16605,24540,4678.0,0,18.652000000000005,0,1
