record_time,app_id,sid,total_req_count,error_count,resp_time_sum,is_eb_breached,is_response_breached,fivemin_timestamp,hour_timestamp,day_timestamp
2023-12-03 02:20:00,753,1034,256,106,39.794,1,0,1701570000000.0,1701568800000,1701561600000
2023-12-03 05:06:40,753,1034,256,102,36.6,1,0,1701580000000.0,1701579600000,1701561600000
2023-12-03 05:06:40,753,1034,295,110,42.444,1,0,1701580000000.0,1701579600000,1701561600000
2023-12-03 05:06:40,753,1034,269,108,38.055,1,0,1701580000000.0,1701579600000,1701561600000
2023-12-03 05:06:40,753,1034,319,127,44.455,1,0,1701580000000.0,1701579600000,1701561600000
2023-12-03 05:06:40,753,1034,288,119,38.105,1,0,1701580000000.0,1701579600000,1701561600000
2023-12-03 05:06:40,753,1034,280,113,40.532,1,0,1701580000000.0,1701579600000,1701561600000
2023-12-03 05:06:40,753,1034,274,98,38.383,1,0,1701580000000.0,1701579600000,1701561600000
2023-12-03 05:06:40,753,1034,290,125,40.023,1,0,1701580000000.0,1701579600000,1701561600000
2023-12-03 05:06:40,753,1034,312,121,46.04,1,0,1701580000000.0,1701579600000,1701561600000
2023-12-03 05:06:40,753,1034,330,137,47.859,1,0,1701580000000.0,1701579600000,1701561600000
2023-12-03 05:06:40,753,1034,331,138,50.663,1,0,1701580000000.0,1701579600000,1701561600000
2023-12-03 05:06:40,753,1034,327,148,42.837,1,0,1701580000000.0,1701579600000,1701561600000
2023-12-03 05:06:40,753,1034,310,122,42.589,1,0,1701580000000.0,1701579600000,1701561600000
2023-12-03 05:06:40,753,1034,309,146,38.946,1,0,1701580000000.0,1701579600000,1701561600000
2023-12-03 05:06:40,753,1034,295,117,50.123,1,0,1701580000000.0,1701579600000,1701561600000
2023-12-03 05:06:40,753,1034,295,127,42.74,1,0,1701580000000.0,1701579600000,1701561600000
2023-12-03 05:06:40,753,1034,266,99,38.096,1,0,1701580000000.0,1701579600000,1701561600000
2023-12-03 05:06:40,753,1034,298,112,47.117,1,0,1701580000000.0,1701579600000,1701561600000
2023-12-03 05:06:40,753,1034,319,154,42.797,1,0,1701580000000.0,1701579600000,1701561600000
2023-12-03 05:06:40,753,1034,353,146,45.97,1,0,1701580000000.0,1701579600000,1701561600000
2023-12-03 05:06:40,753,1034,299,129,40.641,1,0,1701580000000.0,1701579600000,1701561600000
2023-12-03 05:06:40,753,1034,254,105,33.524,1,0,1701580000000.0,1701579600000,1701561600000
2023-12-03 05:06:40,753,1034,300,112,42.826,1,0,1701580000000.0,1701579600000,1701561600000
2023-12-03 05:06:40,753,1034,321,129,45.773,1,0,1701580000000.0,1701579600000,1701561600000
2023-12-03 05:06:40,753,1034,307,132,40.519,1,0,1701580000000.0,1701579600000,1701561600000
2023-12-03 05:06:40,753,1034,346,165,48.059,1,0,1701580000000.0,1701579600000,1701561600000
2023-12-03 05:06:40,753,1034,320,125,46.519,1,0,1701580000000.0,1701579600000,1701561600000
2023-12-03 05:06:40,753,1034,299,130,39.046,1,0,1701580000000.0,1701579600000,1701561600000
2023-12-03 05:06:40,753,1034,317,132,44.447,1,0,1701580000000.0,1701579600000,1701561600000
2023-12-03 05:06:40,753,1034,323,134,46.081,1,0,1701580000000.0,1701579600000,1701561600000
2023-12-03 05:06:40,753,1034,296,108,41.398,1,0,1701580000000.0,1701579600000,1701561600000
2023-12-03 05:06:40,753,1034,294,98,43.548,1,0,1701580000000.0,1701579600000,1701561600000
2023-12-03 07:53:20,753,1034,246,97,41.083,1,0,1701590000000.0,1701586800000,1701561600000
2023-12-03 07:53:20,753,1034,277,129,41.918,1,0,1701590000000.0,1701586800000,1701561600000
2023-12-03 07:53:20,753,1034,288,129,41.282,1,0,1701590000000.0,1701586800000,1701561600000
2023-12-03 07:53:20,753,1034,276,103,37.848,1,0,1701590000000.0,1701586800000,1701561600000
2023-12-03 07:53:20,753,1034,265,116,37.524,1,0,1701590000000.0,1701586800000,1701561600000
2023-12-03 07:53:20,753,1034,303,126,40.05,1,0,1701590000000.0,1701586800000,1701561600000
2023-12-03 07:53:20,753,1034,287,126,39.326,1,0,1701590000000.0,1701586800000,1701561600000
2023-12-03 07:53:20,753,1034,264,114,35.238,1,0,1701590000000.0,1701586800000,1701561600000
2023-12-03 07:53:20,753,1034,312,141,44.582,1,0,1701590000000.0,1701586800000,1701561600000
2023-12-03 07:53:20,753,1034,294,132,38.999,1,0,1701590000000.0,1701586800000,1701561600000
2023-12-03 07:53:20,753,1034,245,94,34.055,1,0,1701590000000.0,1701586800000,1701561600000
2023-12-03 07:53:20,753,1034,294,126,41.816,1,0,1701590000000.0,1701586800000,1701561600000
2023-12-03 07:53:20,753,1034,270,127,35.277,1,0,1701590000000.0,1701586800000,1701561600000
2023-12-03 07:53:20,753,1034,307,121,43.397,1,0,1701590000000.0,1701586800000,1701561600000
2023-12-03 07:53:20,753,1034,287,95,42.527,1,0,1701590000000.0,1701586800000,1701561600000
2023-12-03 07:53:20,753,1034,342,145,47.816,1,0,1701590000000.0,1701586800000,1701561600000
2023-12-03 07:53:20,753,1034,261,118,33.47,1,0,1701590000000.0,1701586800000,1701561600000
2023-12-03 07:53:20,753,1034,275,129,38.066,1,0,1701590000000.0,1701586800000,1701561600000
2023-12-03 07:53:20,753,1034,258,109,36.381,1,0,1701590000000.0,1701586800000,1701561600000
2023-12-03 07:53:20,753,1034,267,103,38.574,1,0,1701590000000.0,1701586800000,1701561600000
2023-12-03 07:53:20,753,1034,288,132,36.104,1,0,1701590000000.0,1701586800000,1701561600000
2023-12-03 07:53:20,753,1034,265,118,46.37,1,0,1701590000000.0,1701586800000,1701561600000
2023-12-03 07:53:20,753,1034,268,109,40.83,1,0,1701590000000.0,1701586800000,1701561600000
2023-12-03 07:53:20,753,1034,289,139,44.819,1,0,1701590000000.0,1701586800000,1701561600000
2023-12-03 07:53:20,753,1034,250,110,42.379,1,0,1701590000000.0,1701586800000,1701561600000
2023-12-03 07:53:20,753,1034,287,100,45.196,1,0,1701590000000.0,1701586800000,1701561600000
2023-12-03 07:53:20,753,1034,319,153,44.138,1,0,1701590000000.0,1701586800000,1701561600000
2023-12-03 07:53:20,753,1034,267,98,43.66,1,0,1701590000000.0,1701586800000,1701561600000
2023-12-03 07:53:20,753,1034,244,95,36.323,1,0,1701590000000.0,1701586800000,1701561600000
2023-12-03 07:53:20,753,1034,254,79,36.262,1,0,1701590000000.0,1701586800000,1701561600000
2023-12-03 07:53:20,753,1034,328,161,61.381,1,0,1701590000000.0,1701586800000,1701561600000
2023-12-03 07:53:20,753,1034,313,116,44.893,1,0,1701590000000.0,1701586800000,1701561600000
2023-12-03 07:53:20,753,1034,269,100,37.345,1,0,1701590000000.0,1701586800000,1701561600000
2023-12-03 07:53:20,753,1034,275,132,38.816,1,0,1701590000000.0,1701586800000,1701561600000
2023-12-03 10:40:00,753,1034,407,157,64.086,1,0,1701600000000.0,1701597600000,1701561600000
2023-12-03 10:40:00,753,1034,410,147,63.53,1,0,1701600000000.0,1701597600000,1701561600000
2023-12-03 10:40:00,753,1034,433,207,60.182,1,0,1701600000000.0,1701597600000,1701561600000
2023-12-03 10:40:00,753,1034,379,167,55.475,1,0,1701600000000.0,1701597600000,1701561600000
2023-12-03 10:40:00,753,1034,461,224,61.191,1,0,1701600000000.0,1701597600000,1701561600000
2023-12-03 10:40:00,753,1034,420,168,60.323,1,0,1701600000000.0,1701597600000,1701561600000
2023-12-03 10:40:00,753,1034,369,165,53.246,1,0,1701600000000.0,1701597600000,1701561600000
2023-12-03 10:40:00,753,1034,318,136,44.541,1,0,1701600000000.0,1701597600000,1701561600000
2023-12-03 10:40:00,753,1034,413,182,59.364,1,0,1701600000000.0,1701597600000,1701561600000
2023-12-03 10:40:00,753,1034,361,162,49.761,1,0,1701600000000.0,1701597600000,1701561600000
2023-12-03 10:40:00,753,1034,418,161,61.363,1,0,1701600000000.0,1701597600000,1701561600000
2023-12-03 10:40:00,753,1034,400,163,54.382,1,0,1701600000000.0,1701597600000,1701561600000
2023-12-03 10:40:00,753,1034,434,176,65.251,1,0,1701600000000.0,1701597600000,1701561600000
2023-12-03 10:40:00,753,1034,411,189,56.953,1,0,1701600000000.0,1701597600000,1701561600000
2023-12-03 10:40:00,753,1034,446,197,61.989,1,0,1701600000000.0,1701597600000,1701561600000
2023-12-03 10:40:00,753,1034,427,185,59.941,1,0,1701600000000.0,1701597600000,1701561600000
2023-12-03 10:40:00,753,1034,451,173,66.847,1,0,1701600000000.0,1701597600000,1701561600000
2023-12-03 10:40:00,753,1034,414,183,56.199,1,0,1701600000000.0,1701597600000,1701561600000
2023-12-03 10:40:00,753,1034,346,134,53.041,1,0,1701600000000.0,1701597600000,1701561600000
2023-12-03 10:40:00,753,1034,278,126,37.41,1,0,1701600000000.0,1701597600000,1701561600000
2023-12-03 10:40:00,753,1034,369,153,52.91,1,0,1701600000000.0,1701597600000,1701561600000
2023-12-03 10:40:00,753,1034,316,131,46.622,1,0,1701600000000.0,1701597600000,1701561600000
2023-12-03 10:40:00,753,1034,335,151,48.881,1,0,1701600000000.0,1701597600000,1701561600000
2023-12-03 10:40:00,753,1034,399,154,61.04,1,0,1701600000000.0,1701597600000,1701561600000
2023-12-03 10:40:00,753,1034,407,169,60.468,1,0,1701600000000.0,1701597600000,1701561600000
2023-12-03 10:40:00,753,1034,417,189,57.5,1,0,1701600000000.0,1701597600000,1701561600000
2023-12-03 10:40:00,753,1034,369,143,57.151,1,0,1701600000000.0,1701597600000,1701561600000
2023-12-03 10:40:00,753,1034,369,164,55.526,1,0,1701600000000.0,1701597600000,1701561600000
2023-12-03 10:40:00,753,1034,371,147,55.543,1,0,1701600000000.0,1701597600000,1701561600000
2023-12-03 10:40:00,753,1034,437,201,62.529,1,0,1701600000000.0,1701597600000,1701561600000
2023-12-03 10:40:00,753,1034,374,154,56.056,1,0,1701600000000.0,1701597600000,1701561600000
2023-12-03 10:40:00,753,1034,370,154,55.316,1,0,1701600000000.0,1701597600000,1701561600000
2023-12-03 10:40:00,753,1034,369,138,52.505,1,0,1701600000000.0,1701597600000,1701561600000
2023-12-03 13:26:40,753,1034,354,144,52.259,1,0,1701610000000.0,1701608400000,1701561600000
2023-12-03 13:26:40,753,1034,354,147,50.083,1,0,1701610000000.0,1701608400000,1701561600000
2023-12-03 13:26:40,753,1034,327,157,50.621,1,0,1701610000000.0,1701608400000,1701561600000
2023-12-03 13:26:40,753,1034,330,144,43.394,1,0,1701610000000.0,1701608400000,1701561600000
2023-12-03 13:26:40,753,1034,421,202,55.813,1,0,1701610000000.0,1701608400000,1701561600000
2023-12-03 13:26:40,753,1034,340,147,46.928,1,0,1701610000000.0,1701608400000,1701561600000
2023-12-03 13:26:40,753,1034,383,164,49.842,1,0,1701610000000.0,1701608400000,1701561600000
2023-12-03 13:26:40,753,1034,384,180,49.469,1,0,1701610000000.0,1701608400000,1701561600000
2023-12-03 13:26:40,753,1034,359,154,50.014,1,0,1701610000000.0,1701608400000,1701561600000
2023-12-03 13:26:40,753,1034,313,125,58.573,1,0,1701610000000.0,1701608400000,1701561600000
2023-12-03 13:26:40,753,1034,305,126,44.691,1,0,1701610000000.0,1701608400000,1701561600000
2023-12-03 13:26:40,753,1034,302,120,45.286,1,0,1701610000000.0,1701608400000,1701561600000
2023-12-03 13:26:40,753,1034,386,174,54.885,1,0,1701610000000.0,1701608400000,1701561600000
2023-12-03 13:26:40,753,1034,415,164,58.116,1,0,1701610000000.0,1701608400000,1701561600000
2023-12-03 13:26:40,753,1034,245,112,37.471,1,0,1701610000000.0,1701608400000,1701561600000
2023-12-03 13:26:40,753,1034,408,178,58.142,1,0,1701610000000.0,1701608400000,1701561600000
2023-12-03 13:26:40,753,1034,290,127,47.391,1,0,1701610000000.0,1701608400000,1701561600000
2023-12-03 13:26:40,753,1034,237,115,36.68,1,0,1701610000000.0,1701608400000,1701561600000
2023-12-03 13:26:40,753,1034,184,92,26.451,1,0,1701610000000.0,1701608400000,1701561600000
2023-12-03 13:26:40,753,1034,181,69,28.928,1,0,1701610000000.0,1701608400000,1701561600000
2023-12-03 13:26:40,753,1034,193,67,32.858,1,0,1701610000000.0,1701608400000,1701561600000
2023-12-03 13:26:40,753,1034,250,112,37.136,1,0,1701610000000.0,1701608400000,1701561600000
2023-12-03 13:26:40,753,1034,359,165,47.428,1,0,1701610000000.0,1701608400000,1701561600000
2023-12-03 13:26:40,753,1034,321,158,48.115,1,0,1701610000000.0,1701608400000,1701561600000
2023-12-03 13:26:40,753,1034,239,87,34.976,1,0,1701610000000.0,1701608400000,1701561600000
2023-12-03 13:26:40,753,1034,271,107,42.93,1,0,1701610000000.0,1701608400000,1701561600000
2023-12-03 13:26:40,753,1034,244,115,32.772,1,0,1701610000000.0,1701608400000,1701561600000
2023-12-03 13:26:40,753,1034,242,104,40.552,1,0,1701610000000.0,1701608400000,1701561600000
2023-12-03 13:26:40,753,1034,256,134,36.796,1,0,1701610000000.0,1701608400000,1701561600000
2023-12-03 13:26:40,753,1034,455,206,64.343,1,0,1701610000000.0,1701608400000,1701561600000
2023-12-03 13:26:40,753,1034,311,147,47.166,1,0,1701610000000.0,1701608400000,1701561600000
2023-12-03 13:26:40,753,1034,333,158,60.575,1,0,1701610000000.0,1701608400000,1701561600000
2023-12-03 13:26:40,753,1034,223,93,36.305,1,0,1701610000000.0,1701608400000,1701561600000
2023-12-03 16:13:20,753,1034,121,57,19.309,1,0,1701620000000.0,1701619200000,1701561600000
2023-12-03 16:13:20,753,1034,125,64,18.826,1,0,1701620000000.0,1701619200000,1701561600000
2023-12-03 16:13:20,753,1034,118,52,17.674,1,0,1701620000000.0,1701619200000,1701561600000
2023-12-03 16:13:20,753,1034,118,61,19.089,1,0,1701620000000.0,1701619200000,1701561600000
2023-12-03 16:13:20,753,1034,102,41,96.734,1,1,1701620000000.0,1701619200000,1701561600000
2023-12-03 16:13:20,753,1034,104,41,19.562,1,0,1701620000000.0,1701619200000,1701561600000
2023-12-03 16:13:20,753,1034,94,49,11.734,1,0,1701620000000.0,1701619200000,1701561600000
2023-12-03 16:13:20,753,1034,136,69,18.101,1,0,1701620000000.0,1701619200000,1701561600000
2023-12-03 16:13:20,753,1034,155,64,26.074,1,0,1701620000000.0,1701619200000,1701561600000
2023-12-03 16:13:20,753,1034,167,70,29.185,1,0,1701620000000.0,1701619200000,1701561600000
2023-12-03 16:13:20,753,1034,136,77,19.138,1,0,1701620000000.0,1701619200000,1701561600000
2023-12-03 16:13:20,753,1034,146,64,20.656,1,0,1701620000000.0,1701619200000,1701561600000
2023-12-03 16:13:20,753,1034,115,44,16.887,1,0,1701620000000.0,1701619200000,1701561600000
2023-12-03 16:13:20,753,1034,104,44,14.981,1,0,1701620000000.0,1701619200000,1701561600000
2023-12-03 16:13:20,753,1034,132,61,19.717,1,0,1701620000000.0,1701619200000,1701561600000
2023-12-03 16:13:20,753,1034,159,67,22.036,1,0,1701620000000.0,1701619200000,1701561600000
2023-12-03 16:13:20,753,1034,154,71,23.058,1,0,1701620000000.0,1701619200000,1701561600000
2023-12-03 16:13:20,753,1034,188,71,30.481,1,0,1701620000000.0,1701619200000,1701561600000
2023-12-03 16:13:20,753,1034,100,48,16.523,1,0,1701620000000.0,1701619200000,1701561600000
2023-12-03 16:13:20,753,1034,143,63,24.722,1,0,1701620000000.0,1701619200000,1701561600000
2023-12-03 16:13:20,753,1034,125,63,23.738,1,0,1701620000000.0,1701619200000,1701561600000
2023-12-03 16:13:20,753,1034,79,37,13.257,1,0,1701620000000.0,1701619200000,1701561600000
2023-12-03 16:13:20,753,1034,58,37,8.623,1,0,1701620000000.0,1701619200000,1701561600000
2023-12-03 16:13:20,753,1034,27,6,4.436,1,0,1701620000000.0,1701619200000,1701561600000
2023-12-03 16:13:20,753,1034,61,30,10.401,1,0,1701620000000.0,1701619200000,1701561600000
2023-12-03 16:13:20,753,1034,59,25,8.251,1,0,1701620000000.0,1701619200000,1701561600000
2023-12-03 16:13:20,753,1034,68,30,10.566,1,0,1701620000000.0,1701619200000,1701561600000
2023-12-03 16:13:20,753,1034,158,68,24.42,1,0,1701620000000.0,1701619200000,1701561600000
2023-12-03 16:13:20,753,1034,49,27,7.144,1,0,1701620000000.0,1701619200000,1701561600000
2023-12-03 16:13:20,753,1034,65,24,11.45,1,0,1701620000000.0,1701619200000,1701561600000
2023-12-03 16:13:20,753,1034,57,27,7.916,1,0,1701620000000.0,1701619200000,1701561600000
2023-12-03 16:13:20,753,1034,81,45,10.787,1,0,1701620000000.0,1701619200000,1701561600000
2023-12-03 16:13:20,753,1034,80,40,12.73,1,0,1701620000000.0,1701619200000,1701561600000
2023-12-03 16:13:20,753,1034,45,18,7.488,1,0,1701620000000.0,1701619200000,1701561600000
2023-12-03 19:00:00,753,1034,34,17,4.215,1,0,1701630000000.0,1701630000000,1701561600000
2023-12-03 19:00:00,753,1034,39,10,7.036,1,0,1701630000000.0,1701630000000,1701561600000
2023-12-03 19:00:00,753,1034,37,15,5.483,1,0,1701630000000.0,1701630000000,1701561600000
2023-12-03 19:00:00,753,1034,39,20,4.5,1,0,1701630000000.0,1701630000000,1701561600000
2023-12-03 19:00:00,753,1034,71,44,9.26,1,0,1701630000000.0,1701630000000,1701561600000
2023-12-03 19:00:00,753,1034,51,24,7.51,1,0,1701630000000.0,1701630000000,1701561600000
2023-12-03 19:00:00,753,1034,23,10,4.621,1,0,1701630000000.0,1701630000000,1701561600000
2023-12-03 19:00:00,753,1034,24,10,3.865,1,0,1701630000000.0,1701630000000,1701561600000
2023-12-03 19:00:00,753,1034,41,18,6.243,1,0,1701630000000.0,1701630000000,1701561600000
2023-12-03 19:00:00,753,1034,53,20,7.335,1,0,1701630000000.0,1701630000000,1701561600000
2023-12-03 19:00:00,753,1034,27,12,3.548,1,0,1701630000000.0,1701630000000,1701561600000
2023-12-03 19:00:00,753,1034,29,11,3.563,1,0,1701630000000.0,1701630000000,1701561600000
2023-12-03 19:00:00,753,1034,60,26,10.014,1,0,1701630000000.0,1701630000000,1701561600000
2023-12-03 19:00:00,753,1034,59,26,8.769,1,0,1701630000000.0,1701630000000,1701561600000
2023-12-03 19:00:00,753,1034,35,17,4.853,1,0,1701630000000.0,1701630000000,1701561600000
2023-12-03 19:00:00,753,1034,37,14,5.624,1,0,1701630000000.0,1701630000000,1701561600000
2023-12-03 19:00:00,753,1034,24,10,3.764,1,0,1701630000000.0,1701630000000,1701561600000
2023-12-03 19:00:00,753,1034,34,19,4.504,1,0,1701630000000.0,1701630000000,1701561600000
2023-12-03 19:00:00,753,1034,27,12,4.242,1,0,1701630000000.0,1701630000000,1701561600000
2023-12-03 19:00:00,753,1034,40,23,5.015,1,0,1701630000000.0,1701630000000,1701561600000
2023-12-03 19:00:00,753,1034,29,13,3.952,1,0,1701630000000.0,1701630000000,1701561600000
2023-12-03 19:00:00,753,1034,41,13,6.706,1,0,1701630000000.0,1701630000000,1701561600000
2023-12-03 19:00:00,753,1034,32,11,5.642,1,0,1701630000000.0,1701630000000,1701561600000
2023-12-03 19:00:00,753,1034,30,16,3.77,1,0,1701630000000.0,1701630000000,1701561600000
2023-12-03 19:00:00,753,1034,24,7,4.109,1,0,1701630000000.0,1701630000000,1701561600000
2023-12-03 19:00:00,753,1034,39,20,6.239,1,0,1701630000000.0,1701630000000,1701561600000
2023-12-03 19:00:00,753,1034,32,20,4.674,1,0,1701630000000.0,1701630000000,1701561600000
2023-12-03 19:00:00,753,1034,46,34,5.363,1,0,1701630000000.0,1701630000000,1701561600000
2023-12-03 19:00:00,753,1034,31,11,4.678,1,0,1701630000000.0,1701630000000,1701561600000
2023-12-03 19:00:00,753,1034,27,11,3.757,1,0,1701630000000.0,1701630000000,1701561600000
2023-12-03 19:00:00,753,1034,26,10,4.24,1,0,1701630000000.0,1701630000000,1701561600000
2023-12-03 19:00:00,753,1034,46,11,7.391,1,0,1701630000000.0,1701630000000,1701561600000
2023-12-03 19:00:00,753,1034,38,18,5.927,1,0,1701630000000.0,1701630000000,1701561600000
2023-12-03 21:46:40,753,1034,207,75,29.007,1,0,1701640000000.0,1701637200000,1701561600000
2023-12-03 21:46:40,753,1034,93,36,12.993,1,0,1701640000000.0,1701637200000,1701561600000
2023-12-03 21:46:40,753,1034,191,56,28.948,1,0,1701640000000.0,1701637200000,1701561600000
2023-12-03 21:46:40,753,1034,228,70,34.614,1,0,1701640000000.0,1701637200000,1701561600000
2023-12-03 21:46:40,753,1034,201,68,27.057,1,0,1701640000000.0,1701637200000,1701561600000
2023-12-03 21:46:40,753,1034,85,29,14.387,1,0,1701640000000.0,1701637200000,1701561600000
2023-12-03 21:46:40,753,1034,245,85,36.801,1,0,1701640000000.0,1701637200000,1701561600000
2023-12-03 21:46:40,753,1034,232,79,33.701,1,0,1701640000000.0,1701637200000,1701561600000
2023-12-03 21:46:40,753,1034,249,100,35.58,1,0,1701640000000.0,1701637200000,1701561600000
2023-12-03 21:46:40,753,1034,226,72,32.183,1,0,1701640000000.0,1701637200000,1701561600000
2023-12-03 21:46:40,753,1034,231,90,31.529,1,0,1701640000000.0,1701637200000,1701561600000
2023-12-03 21:46:40,753,1034,155,63,21.811,1,0,1701640000000.0,1701637200000,1701561600000
2023-12-03 21:46:40,753,1034,251,89,34.987,1,0,1701640000000.0,1701637200000,1701561600000
2023-12-03 21:46:40,753,1034,202,76,27.966,1,0,1701640000000.0,1701637200000,1701561600000
2023-12-03 21:46:40,753,1034,177,59,25.397,1,0,1701640000000.0,1701637200000,1701561600000
2023-12-03 21:46:40,753,1034,96,41,14.935,1,0,1701640000000.0,1701637200000,1701561600000
2023-12-03 21:46:40,753,1034,49,14,7.677,1,0,1701640000000.0,1701637200000,1701561600000
2023-12-03 21:46:40,753,1034,68,27,10.085,1,0,1701640000000.0,1701637200000,1701561600000
2023-12-03 21:46:40,753,1034,64,19,9.778,1,0,1701640000000.0,1701637200000,1701561600000
2023-12-03 21:46:40,753,1034,60,23,8.791,1,0,1701640000000.0,1701637200000,1701561600000
2023-12-03 21:46:40,753,1034,103,49,14.294,1,0,1701640000000.0,1701637200000,1701561600000
2023-12-03 21:46:40,753,1034,135,54,19.876,1,0,1701640000000.0,1701637200000,1701561600000
2023-12-03 21:46:40,753,1034,74,32,10.138,1,0,1701640000000.0,1701637200000,1701561600000
2023-12-03 21:46:40,753,1034,154,62,23.278,1,0,1701640000000.0,1701637200000,1701561600000
2023-12-03 21:46:40,753,1034,149,60,20.918,1,0,1701640000000.0,1701637200000,1701561600000
2023-12-03 21:46:40,753,1034,101,34,15.815,1,0,1701640000000.0,1701637200000,1701561600000
2023-12-03 21:46:40,753,1034,97,37,13.791,1,0,1701640000000.0,1701637200000,1701561600000
2023-12-03 21:46:40,753,1034,129,53,18.648,1,0,1701640000000.0,1701637200000,1701561600000
2023-12-03 21:46:40,753,1034,82,36,13.297,1,0,1701640000000.0,1701637200000,1701561600000
2023-12-03 21:46:40,753,1034,88,39,11.861,1,0,1701640000000.0,1701637200000,1701561600000
2023-12-03 21:46:40,753,1034,52,24,7.139,1,0,1701640000000.0,1701637200000,1701561600000
2023-12-03 21:46:40,753,1034,197,59,28.576,1,0,1701640000000.0,1701637200000,1701561600000
2023-12-03 21:46:40,753,1034,165,60,24.304,1,0,1701640000000.0,1701637200000,1701561600000
2023-12-04 00:33:20,753,1034,258,95,38.685,1,0,1701650000000.0,1701648000000,1701648000000
2023-12-04 00:33:20,753,1034,268,108,39.4,1,0,1701650000000.0,1701648000000,1701648000000
2023-12-04 00:33:20,753,1034,281,117,41.396,1,0,1701650000000.0,1701648000000,1701648000000
2023-12-04 00:33:20,753,1034,240,98,34.212,1,0,1701650000000.0,1701648000000,1701648000000
2023-12-04 00:33:20,753,1034,292,112,41.699,1,0,1701650000000.0,1701648000000,1701648000000
2023-12-04 00:33:20,753,1034,229,73,38.826,1,0,1701650000000.0,1701648000000,1701648000000
2023-12-04 00:33:20,753,1034,248,90,41.605,1,0,1701650000000.0,1701648000000,1701648000000
2023-12-04 00:33:20,753,1034,249,75,38.986,1,0,1701650000000.0,1701648000000,1701648000000
2023-12-04 00:33:20,753,1034,236,83,38.102,1,0,1701650000000.0,1701648000000,1701648000000
2023-12-04 00:33:20,753,1034,286,108,42.185,1,0,1701650000000.0,1701648000000,1701648000000
2023-12-04 00:33:20,753,1034,262,84,40.271,1,0,1701650000000.0,1701648000000,1701648000000
2023-12-04 00:33:20,753,1034,261,92,38.61,1,0,1701650000000.0,1701648000000,1701648000000
2023-12-04 00:33:20,753,1034,279,105,42.367,1,0,1701650000000.0,1701648000000,1701648000000
2023-12-04 00:33:20,753,1034,287,115,41.588,1,0,1701650000000.0,1701648000000,1701648000000
2023-12-04 00:33:20,753,1034,278,87,46.36,1,0,1701650000000.0,1701648000000,1701648000000
2023-12-04 00:33:20,753,1034,272,104,40.7,1,0,1701650000000.0,1701648000000,1701648000000
2023-12-04 00:33:20,753,1034,303,101,52.298,1,0,1701650000000.0,1701648000000,1701648000000
2023-12-04 00:33:20,753,1034,257,81,41.688,1,0,1701650000000.0,1701648000000,1701648000000
2023-12-04 00:33:20,753,1034,220,73,38.108,1,0,1701650000000.0,1701648000000,1701648000000
2023-12-04 00:33:20,753,1034,282,100,47.739,1,0,1701650000000.0,1701648000000,1701648000000
2023-12-04 00:33:20,753,1034,267,105,36.916,1,0,1701650000000.0,1701648000000,1701648000000
2023-12-04 00:33:20,753,1034,254,101,33.344,1,0,1701650000000.0,1701648000000,1701648000000
2023-12-04 00:33:20,753,1034,257,98,42.382,1,0,1701650000000.0,1701648000000,1701648000000
2023-12-04 00:33:20,753,1034,268,93,40.044,1,0,1701650000000.0,1701648000000,1701648000000
2023-12-04 00:33:20,753,1034,249,90,41.073,1,0,1701650000000.0,1701648000000,1701648000000
2023-12-04 00:33:20,753,1034,287,118,45.019,1,0,1701650000000.0,1701648000000,1701648000000
2023-12-04 00:33:20,753,1034,276,114,40.935,1,0,1701650000000.0,1701648000000,1701648000000
2023-12-04 00:33:20,753,1034,292,115,45.174,1,0,1701650000000.0,1701648000000,1701648000000
2023-12-04 00:33:20,753,1034,272,95,42.306,1,0,1701650000000.0,1701648000000,1701648000000
2023-12-04 00:33:20,753,1034,262,90,40.294,1,0,1701650000000.0,1701648000000,1701648000000
2023-12-04 00:33:20,753,1034,300,121,41.532,1,0,1701650000000.0,1701648000000,1701648000000
2023-12-04 00:33:20,753,1034,262,104,37.876,1,0,1701650000000.0,1701648000000,1701648000000
2023-12-04 00:33:20,753,1034,238,79,35.999,1,0,1701650000000.0,1701648000000,1701648000000
2023-12-04 00:33:20,753,1034,210,79,33.768,1,0,1701650000000.0,1701648000000,1701648000000
2023-12-04 03:20:00,753,1034,225,91,31.313,1,0,1701660000000.0,1701658800000,1701648000000
2023-12-04 03:20:00,753,1034,246,92,35.31,1,0,1701660000000.0,1701658800000,1701648000000
2023-12-04 03:20:00,753,1034,245,96,32.663,1,0,1701660000000.0,1701658800000,1701648000000
2023-12-04 03:20:00,753,1034,157,45,25.864,1,0,1701660000000.0,1701658800000,1701648000000
2023-12-04 03:20:00,753,1034,210,68,33.318,1,0,1701660000000.0,1701658800000,1701648000000
2023-12-04 03:20:00,753,1034,217,87,30.624,1,0,1701660000000.0,1701658800000,1701648000000
2023-12-04 03:20:00,753,1034,206,71,31.867,1,0,1701660000000.0,1701658800000,1701648000000
2023-12-04 03:20:00,753,1034,146,52,22.86,1,0,1701660000000.0,1701658800000,1701648000000
2023-12-04 03:20:00,753,1034,262,87,40.862,1,0,1701660000000.0,1701658800000,1701648000000
2023-12-04 03:20:00,753,1034,141,51,21.851,1,0,1701660000000.0,1701658800000,1701648000000
2023-12-04 03:20:00,753,1034,260,107,37.527,1,0,1701660000000.0,1701658800000,1701648000000
2023-12-04 03:20:00,753,1034,288,94,44.261,1,0,1701660000000.0,1701658800000,1701648000000
2023-12-04 03:20:00,753,1034,263,83,43.423,1,0,1701660000000.0,1701658800000,1701648000000
2023-12-04 03:20:00,753,1034,288,109,41.604,1,0,1701660000000.0,1701658800000,1701648000000
2023-12-04 03:20:00,753,1034,219,82,35.566,1,0,1701660000000.0,1701658800000,1701648000000
2023-12-04 03:20:00,753,1034,197,69,28.359,1,0,1701660000000.0,1701658800000,1701648000000
2023-12-04 03:20:00,753,1034,238,85,31.699,1,0,1701660000000.0,1701658800000,1701648000000
2023-12-04 03:20:00,753,1034,191,66,26.138,1,0,1701660000000.0,1701658800000,1701648000000
2023-12-04 03:20:00,753,1034,237,81,32.297,1,0,1701660000000.0,1701658800000,1701648000000
2023-12-04 03:20:00,753,1034,201,89,27.02,1,0,1701660000000.0,1701658800000,1701648000000
2023-12-04 03:20:00,753,1034,223,77,30.475,1,0,1701660000000.0,1701658800000,1701648000000
2023-12-04 03:20:00,753,1034,230,75,34.29,1,0,1701660000000.0,1701658800000,1701648000000
2023-12-04 03:20:00,753,1034,203,70,27.154,1,0,1701660000000.0,1701658800000,1701648000000
2023-12-04 03:20:00,753,1034,217,88,28.098,1,0,1701660000000.0,1701658800000,1701648000000
2023-12-04 03:20:00,753,1034,218,81,28.867,1,0,1701660000000.0,1701658800000,1701648000000
2023-12-04 03:20:00,753,1034,254,86,35.96,1,0,1701660000000.0,1701658800000,1701648000000
2023-12-04 03:20:00,753,1034,203,78,28.696,1,0,1701660000000.0,1701658800000,1701648000000
2023-12-04 03:20:00,753,1034,214,76,29.351,1,0,1701660000000.0,1701658800000,1701648000000
2023-12-04 03:20:00,753,1034,195,64,36.582,1,0,1701660000000.0,1701658800000,1701648000000
2023-12-04 03:20:00,753,1034,208,81,28.06,1,0,1701660000000.0,1701658800000,1701648000000
2023-12-04 03:20:00,753,1034,190,64,26.915,1,0,1701660000000.0,1701658800000,1701648000000
2023-12-04 03:20:00,753,1034,209,61,30.16,1,0,1701660000000.0,1701658800000,1701648000000
2023-12-04 03:20:00,753,1034,190,71,27.599,1,0,1701660000000.0,1701658800000,1701648000000
2023-12-04 06:06:40,753,1034,219,93,31.346,1,0,1701670000000.0,1701669600000,1701648000000
2023-12-04 06:06:40,753,1034,220,81,32.032,1,0,1701670000000.0,1701669600000,1701648000000
2023-12-04 06:06:40,753,1034,210,67,31.986,1,0,1701670000000.0,1701669600000,1701648000000
2023-12-04 06:06:40,753,1034,243,78,33.506,1,0,1701670000000.0,1701669600000,1701648000000
2023-12-04 06:06:40,753,1034,212,77,28.432,1,0,1701670000000.0,1701669600000,1701648000000
2023-12-04 06:06:40,753,1034,215,76,30.605,1,0,1701670000000.0,1701669600000,1701648000000
2023-12-04 06:06:40,753,1034,179,64,22.999,1,0,1701670000000.0,1701669600000,1701648000000
2023-12-04 06:06:40,753,1034,230,80,31.403,1,0,1701670000000.0,1701669600000,1701648000000
2023-12-04 06:06:40,753,1034,234,93,36.078,1,0,1701670000000.0,1701669600000,1701648000000
2023-12-04 06:06:40,753,1034,247,75,34.519,1,0,1701670000000.0,1701669600000,1701648000000
2023-12-04 06:06:40,753,1034,216,60,33.339,1,0,1701670000000.0,1701669600000,1701648000000
2023-12-04 06:06:40,753,1034,213,87,28.827,1,0,1701670000000.0,1701669600000,1701648000000
2023-12-04 06:06:40,753,1034,194,67,31.574,1,0,1701670000000.0,1701669600000,1701648000000
2023-12-04 06:06:40,753,1034,254,86,34.808,1,0,1701670000000.0,1701669600000,1701648000000
2023-12-04 06:06:40,753,1034,216,76,29.3,1,0,1701670000000.0,1701669600000,1701648000000
2023-12-04 06:06:40,753,1034,227,91,31.61,1,0,1701670000000.0,1701669600000,1701648000000
2023-12-04 06:06:40,753,1034,170,71,21.095,1,0,1701670000000.0,1701669600000,1701648000000
2023-12-04 06:06:40,753,1034,217,76,30.824,1,0,1701670000000.0,1701669600000,1701648000000
2023-12-04 06:06:40,753,1034,193,80,26.043,1,0,1701670000000.0,1701669600000,1701648000000
2023-12-04 06:06:40,753,1034,187,60,27.097,1,0,1701670000000.0,1701669600000,1701648000000
2023-12-04 06:06:40,753,1034,182,57,27.328,1,0,1701670000000.0,1701669600000,1701648000000
2023-12-04 06:06:40,753,1034,212,91,28.295,1,0,1701670000000.0,1701669600000,1701648000000
2023-12-04 06:06:40,753,1034,189,66,25.724,1,0,1701670000000.0,1701669600000,1701648000000
2023-12-04 06:06:40,753,1034,223,87,29.965,1,0,1701670000000.0,1701669600000,1701648000000
2023-12-04 06:06:40,753,1034,184,75,22.431,1,0,1701670000000.0,1701669600000,1701648000000
2023-12-04 06:06:40,753,1034,164,53,24.022,1,0,1701670000000.0,1701669600000,1701648000000
2023-12-04 06:06:40,753,1034,199,84,24.99,1,0,1701670000000.0,1701669600000,1701648000000
2023-12-04 06:06:40,753,1034,161,55,21.83,1,0,1701670000000.0,1701669600000,1701648000000
2023-12-04 06:06:40,753,1034,171,49,23.979,1,0,1701670000000.0,1701669600000,1701648000000
2023-12-04 06:06:40,753,1034,212,87,28.235,1,0,1701670000000.0,1701669600000,1701648000000
2023-12-04 06:06:40,753,1034,168,60,23.023,1,0,1701670000000.0,1701669600000,1701648000000
2023-12-04 06:06:40,753,1034,192,64,26.669,1,0,1701670000000.0,1701669600000,1701648000000
2023-12-04 06:06:40,753,1034,168,57,24.403,1,0,1701670000000.0,1701669600000,1701648000000
2023-12-04 08:53:20,753,1034,241,83,35.407,1,0,1701680000000.0,1701676800000,1701648000000
2023-12-04 08:53:20,753,1034,295,131,37.35,1,0,1701680000000.0,1701676800000,1701648000000
2023-12-04 08:53:20,753,1034,217,70,29.44,1,0,1701680000000.0,1701676800000,1701648000000
2023-12-04 08:53:20,753,1034,241,90,32.766,1,0,1701680000000.0,1701676800000,1701648000000
2023-12-04 08:53:20,753,1034,287,110,40.373,1,0,1701680000000.0,1701676800000,1701648000000
2023-12-04 08:53:20,753,1034,239,95,35.431,1,0,1701680000000.0,1701676800000,1701648000000
2023-12-04 08:53:20,753,1034,238,86,33.892,1,0,1701680000000.0,1701676800000,1701648000000
2023-12-04 08:53:20,753,1034,192,62,28.198,1,0,1701680000000.0,1701676800000,1701648000000
2023-12-04 08:53:20,753,1034,224,76,37.354,1,0,1701680000000.0,1701676800000,1701648000000
2023-12-04 08:53:20,753,1034,221,76,34.54,1,0,1701680000000.0,1701676800000,1701648000000
2023-12-04 08:53:20,753,1034,261,128,36.15,1,0,1701680000000.0,1701676800000,1701648000000
2023-12-04 08:53:20,753,1034,255,103,36.991,1,0,1701680000000.0,1701676800000,1701648000000
2023-12-04 08:53:20,753,1034,237,82,33.803,1,0,1701680000000.0,1701676800000,1701648000000
2023-12-04 08:53:20,753,1034,234,94,33.239,1,0,1701680000000.0,1701676800000,1701648000000
2023-12-04 08:53:20,753,1034,240,85,36.658,1,0,1701680000000.0,1701676800000,1701648000000
2023-12-04 08:53:20,753,1034,245,98,33.575,1,0,1701680000000.0,1701676800000,1701648000000
2023-12-04 08:53:20,753,1034,238,101,37.884,1,0,1701680000000.0,1701676800000,1701648000000
2023-12-04 08:53:20,753,1034,227,83,43.052,1,0,1701680000000.0,1701676800000,1701648000000
2023-12-04 08:53:20,753,1034,235,95,32.421,1,0,1701680000000.0,1701676800000,1701648000000
2023-12-04 22:46:40,753,1034,278,147,35.76,1,0,1701730000000.0,1701727200000,1701648000000
2023-12-04 22:46:40,753,1034,229,97,30.56,1,0,1701730000000.0,1701727200000,1701648000000
2023-12-05 01:33:20,753,1034,276,125,36.038,1,0,1701740000000.0,1701738000000,1701734400000
2023-12-05 01:33:20,753,1034,218,82,36.501,1,0,1701740000000.0,1701738000000,1701734400000
2023-12-05 01:33:20,753,1034,271,117,41.38,1,0,1701740000000.0,1701738000000,1701734400000
2023-12-05 01:33:20,753,1034,253,112,37.827,1,0,1701740000000.0,1701738000000,1701734400000
2023-12-05 01:33:20,753,1034,247,93,37.946,1,0,1701740000000.0,1701738000000,1701734400000
2023-12-05 01:33:20,753,1034,246,98,35.236,1,0,1701740000000.0,1701738000000,1701734400000
2023-12-05 01:33:20,753,1034,254,89,42.135,1,0,1701740000000.0,1701738000000,1701734400000
2023-12-05 01:33:20,753,1034,259,96,37.011,1,0,1701740000000.0,1701738000000,1701734400000
2023-12-05 01:33:20,753,1034,323,118,49.597,1,0,1701740000000.0,1701738000000,1701734400000
2023-12-05 01:33:20,753,1034,276,115,39.899,1,0,1701740000000.0,1701738000000,1701734400000
2023-12-05 01:33:20,753,1034,302,96,48.158,1,0,1701740000000.0,1701738000000,1701734400000
2023-12-05 01:33:20,753,1034,317,106,52.439,1,0,1701740000000.0,1701738000000,1701734400000
2023-12-05 01:33:20,753,1034,281,83,48.065,1,0,1701740000000.0,1701738000000,1701734400000
2023-12-05 01:33:20,753,1034,270,106,43.477,1,0,1701740000000.0,1701738000000,1701734400000
2023-12-05 01:33:20,753,1034,282,92,44.492,1,0,1701740000000.0,1701738000000,1701734400000
2023-12-05 01:33:20,753,1034,236,61,39.864,1,0,1701740000000.0,1701738000000,1701734400000
2023-12-05 01:33:20,753,1034,243,84,38.395,1,0,1701740000000.0,1701738000000,1701734400000
2023-12-05 01:33:20,753,1034,247,78,39.445,1,0,1701740000000.0,1701738000000,1701734400000
2023-12-05 01:33:20,753,1034,256,97,41.425,1,0,1701740000000.0,1701738000000,1701734400000
2023-12-05 01:33:20,753,1034,232,81,37.973,1,0,1701740000000.0,1701738000000,1701734400000
2023-12-05 01:33:20,753,1034,265,105,38.924,1,0,1701740000000.0,1701738000000,1701734400000
2023-12-05 01:33:20,753,1034,239,97,35.227,1,0,1701740000000.0,1701738000000,1701734400000
2023-12-05 01:33:20,753,1034,238,89,37.536,1,0,1701740000000.0,1701738000000,1701734400000
2023-12-05 01:33:20,753,1034,267,95,40.14,1,0,1701740000000.0,1701738000000,1701734400000
2023-12-05 01:33:20,753,1034,249,84,37.189,1,0,1701740000000.0,1701738000000,1701734400000
2023-12-05 01:33:20,753,1034,215,79,29.101,1,0,1701740000000.0,1701738000000,1701734400000
2023-12-05 01:33:20,753,1034,318,150,48.204,1,0,1701740000000.0,1701738000000,1701734400000
2023-12-05 01:33:20,753,1034,282,127,42.562,1,0,1701740000000.0,1701738000000,1701734400000
2023-12-05 01:33:20,753,1034,219,73,34.444,1,0,1701740000000.0,1701738000000,1701734400000
2023-12-05 01:33:20,753,1034,242,97,39.122,1,0,1701740000000.0,1701738000000,1701734400000
2023-12-05 01:33:20,753,1034,238,112,34.237,1,0,1701740000000.0,1701738000000,1701734400000
2023-12-05 01:33:20,753,1034,264,96,40.851,1,0,1701740000000.0,1701738000000,1701734400000
2023-12-05 01:33:20,753,1034,215,74,32.918,1,0,1701740000000.0,1701738000000,1701734400000
2023-12-05 01:33:20,753,1034,249,91,35.821,1,0,1701740000000.0,1701738000000,1701734400000
2023-12-05 04:20:00,753,1034,250,89,36.38,1,0,1701750000000.0,1701748800000,1701734400000
2023-12-05 04:20:00,753,1034,281,97,41.939,1,0,1701750000000.0,1701748800000,1701734400000
2023-12-05 04:20:00,753,1034,255,98,36.363,1,0,1701750000000.0,1701748800000,1701734400000
2023-12-05 04:20:00,753,1034,282,111,37.977,1,0,1701750000000.0,1701748800000,1701734400000
2023-12-05 04:20:00,753,1034,247,95,33.956,1,0,1701750000000.0,1701748800000,1701734400000
2023-12-05 04:20:00,753,1034,249,85,34.45,1,0,1701750000000.0,1701748800000,1701734400000
2023-12-05 04:20:00,753,1034,234,96,31.807,1,0,1701750000000.0,1701748800000,1701734400000
2023-12-05 04:20:00,753,1034,274,115,35.552,1,0,1701750000000.0,1701748800000,1701734400000
2023-12-05 04:20:00,753,1034,233,91,30.962,1,0,1701750000000.0,1701748800000,1701734400000
2023-12-05 04:20:00,753,1034,184,58,26.639,1,0,1701750000000.0,1701748800000,1701734400000
2023-12-05 04:20:00,753,1034,222,78,41.891,1,0,1701750000000.0,1701748800000,1701734400000
2023-12-05 04:20:00,753,1034,242,77,37.622,1,0,1701750000000.0,1701748800000,1701734400000
2023-12-05 04:20:00,753,1034,217,84,29.929,1,0,1701750000000.0,1701748800000,1701734400000
2023-12-05 04:20:00,753,1034,246,96,32.899,1,0,1701750000000.0,1701748800000,1701734400000
2023-12-05 04:20:00,753,1034,224,87,32.694,1,0,1701750000000.0,1701748800000,1701734400000
2023-12-05 04:20:00,753,1034,243,82,40.705,1,0,1701750000000.0,1701748800000,1701734400000
2023-12-05 04:20:00,753,1034,265,96,38.843,1,0,1701750000000.0,1701748800000,1701734400000
2023-12-05 04:20:00,753,1034,268,113,36.159,1,0,1701750000000.0,1701748800000,1701734400000
2023-12-05 04:20:00,753,1034,259,107,36.84,1,0,1701750000000.0,1701748800000,1701734400000
2023-12-05 04:20:00,753,1034,271,100,44.623,1,0,1701750000000.0,1701748800000,1701734400000
2023-12-05 04:20:00,753,1034,241,87,37.052,1,0,1701750000000.0,1701748800000,1701734400000
2023-12-05 04:20:00,753,1034,240,95,38.969,1,0,1701750000000.0,1701748800000,1701734400000
2023-12-05 04:20:00,753,1034,224,74,35.717,1,0,1701750000000.0,1701748800000,1701734400000
2023-12-05 04:20:00,753,1034,223,76,35.172,1,0,1701750000000.0,1701748800000,1701734400000
2023-12-05 04:20:00,753,1034,265,96,42.312,1,0,1701750000000.0,1701748800000,1701734400000
2023-12-05 04:20:00,753,1034,262,100,39.977,1,0,1701750000000.0,1701748800000,1701734400000
2023-12-05 04:20:00,753,1034,237,88,34.586,1,0,1701750000000.0,1701748800000,1701734400000
2023-12-05 04:20:00,753,1034,271,106,40.134,1,0,1701750000000.0,1701748800000,1701734400000
2023-12-05 04:20:00,753,1034,252,90,44.97,1,0,1701750000000.0,1701748800000,1701734400000
2023-12-05 04:20:00,753,1034,205,71,28.734,1,0,1701750000000.0,1701748800000,1701734400000
2023-12-05 04:20:00,753,1034,264,100,37.638,1,0,1701750000000.0,1701748800000,1701734400000
2023-12-05 04:20:00,753,1034,230,63,41.332,1,0,1701750000000.0,1701748800000,1701734400000
2023-12-05 04:20:00,753,1034,251,90,39.142,1,0,1701750000000.0,1701748800000,1701734400000
2023-12-05 07:06:40,753,1034,228,75,37.087,1,0,1701760000000.0,1701759600000,1701734400000
2023-12-05 07:06:40,753,1034,216,105,31.358,1,0,1701760000000.0,1701759600000,1701734400000
2023-12-05 07:06:40,753,1034,225,75,42.129,1,0,1701760000000.0,1701759600000,1701734400000
2023-12-05 07:06:40,753,1034,239,78,39.192,1,0,1701760000000.0,1701759600000,1701734400000
2023-12-05 07:06:40,753,1034,198,88,29.707,1,0,1701760000000.0,1701759600000,1701734400000
2023-12-05 07:06:40,753,1034,248,105,35.332,1,0,1701760000000.0,1701759600000,1701734400000
2023-12-05 07:06:40,753,1034,214,92,28.219,1,0,1701760000000.0,1701759600000,1701734400000
2023-12-05 07:06:40,753,1034,199,80,28.358,1,0,1701760000000.0,1701759600000,1701734400000
2023-12-05 07:06:40,753,1034,194,71,25.939,1,0,1701760000000.0,1701759600000,1701734400000
2023-12-05 07:06:40,753,1034,237,91,33.455,1,0,1701760000000.0,1701759600000,1701734400000
2023-12-05 07:06:40,753,1034,209,86,29.907,1,0,1701760000000.0,1701759600000,1701734400000
2023-12-05 07:06:40,753,1034,197,63,29.528,1,0,1701760000000.0,1701759600000,1701734400000
2023-12-05 07:06:40,753,1034,223,86,32.108,1,0,1701760000000.0,1701759600000,1701734400000
2023-12-05 07:06:40,753,1034,224,84,32.395,1,0,1701760000000.0,1701759600000,1701734400000
2023-12-05 07:06:40,753,1034,224,84,31.822,1,0,1701760000000.0,1701759600000,1701734400000
2023-12-05 07:06:40,753,1034,200,82,26.174,1,0,1701760000000.0,1701759600000,1701734400000
2023-12-05 07:06:40,753,1034,211,79,29.023,1,0,1701760000000.0,1701759600000,1701734400000
2023-12-05 07:06:40,753,1034,192,73,24.885,1,0,1701760000000.0,1701759600000,1701734400000
2023-12-05 07:06:40,753,1034,221,80,35.436,1,0,1701760000000.0,1701759600000,1701734400000
2023-12-05 07:06:40,753,1034,221,99,30.933,1,0,1701760000000.0,1701759600000,1701734400000
2023-12-05 07:06:40,753,1034,200,80,32.019,1,0,1701760000000.0,1701759600000,1701734400000
2023-12-05 07:06:40,753,1034,212,80,29.48,1,0,1701760000000.0,1701759600000,1701734400000
2023-12-05 07:06:40,753,1034,210,82,30.248,1,0,1701760000000.0,1701759600000,1701734400000
2023-12-05 07:06:40,753,1034,203,70,29.248,1,0,1701760000000.0,1701759600000,1701734400000
2023-12-05 07:06:40,753,1034,189,71,23.822,1,0,1701760000000.0,1701759600000,1701734400000
2023-12-05 07:06:40,753,1034,199,67,27.726,1,0,1701760000000.0,1701759600000,1701734400000
2023-12-05 07:06:40,753,1034,195,79,26.171,1,0,1701760000000.0,1701759600000,1701734400000
2023-12-05 07:06:40,753,1034,183,68,24.752,1,0,1701760000000.0,1701759600000,1701734400000
2023-12-05 07:06:40,753,1034,213,91,25.777,1,0,1701760000000.0,1701759600000,1701734400000
2023-12-05 07:06:40,753,1034,205,78,27.918,1,0,1701760000000.0,1701759600000,1701734400000
2023-12-05 07:06:40,753,1034,201,74,26.046,1,0,1701760000000.0,1701759600000,1701734400000
2023-12-05 07:06:40,753,1034,210,89,28.081,1,0,1701760000000.0,1701759600000,1701734400000
2023-12-05 07:06:40,753,1034,205,79,28.071,1,0,1701760000000.0,1701759600000,1701734400000
2023-12-05 09:53:20,753,1034,392,163,56.2,1,0,1701770000000.0,1701766800000,1701734400000
2023-12-05 09:53:20,753,1034,315,94,47.009,1,0,1701770000000.0,1701766800000,1701734400000
2023-12-05 09:53:20,753,1034,346,141,47.383,1,0,1701770000000.0,1701766800000,1701734400000
2023-12-05 09:53:20,753,1034,324,121,44.746,1,0,1701770000000.0,1701766800000,1701734400000
2023-12-05 09:53:20,753,1034,396,148,59.284,1,0,1701770000000.0,1701766800000,1701734400000
2023-12-05 09:53:20,753,1034,380,151,51.436,1,0,1701770000000.0,1701766800000,1701734400000
2023-12-05 09:53:20,753,1034,413,190,56.027,1,0,1701770000000.0,1701766800000,1701734400000
2023-12-05 09:53:20,753,1034,361,144,49.944,1,0,1701770000000.0,1701766800000,1701734400000
2023-12-05 09:53:20,753,1034,369,169,48.513,1,0,1701770000000.0,1701766800000,1701734400000
2023-12-05 09:53:20,753,1034,401,184,52.544,1,0,1701770000000.0,1701766800000,1701734400000
2023-12-05 09:53:20,753,1034,421,195,57.294,1,0,1701770000000.0,1701766800000,1701734400000
2023-12-05 09:53:20,753,1034,398,168,57.407,1,0,1701770000000.0,1701766800000,1701734400000
2023-12-05 09:53:20,753,1034,364,146,53.482,1,0,1701770000000.0,1701766800000,1701734400000
2023-12-05 09:53:20,753,1034,391,164,52.772,1,0,1701770000000.0,1701766800000,1701734400000
2023-12-05 09:53:20,753,1034,356,151,48.511,1,0,1701770000000.0,1701766800000,1701734400000
2023-12-05 09:53:20,753,1034,383,149,58.055,1,0,1701770000000.0,1701766800000,1701734400000
2023-12-05 09:53:20,753,1034,320,137,43.108,1,0,1701770000000.0,1701766800000,1701734400000
2023-12-05 09:53:20,753,1034,356,155,50.712,1,0,1701770000000.0,1701766800000,1701734400000
2023-12-05 09:53:20,753,1034,243,82,48.824,1,0,1701770000000.0,1701766800000,1701734400000
2023-12-05 09:53:20,753,1034,290,105,60.827,1,0,1701770000000.0,1701766800000,1701734400000
2023-12-05 09:53:20,753,1034,261,102,50.8,1,0,1701770000000.0,1701766800000,1701734400000
2023-12-05 09:53:20,753,1034,376,168,50.909,1,0,1701770000000.0,1701766800000,1701734400000
2023-12-05 09:53:20,753,1034,263,95,43.028,1,0,1701770000000.0,1701766800000,1701734400000
2023-12-05 09:53:20,753,1034,223,86,32.269,1,0,1701770000000.0,1701766800000,1701734400000
2023-12-05 09:53:20,753,1034,286,103,43.023,1,0,1701770000000.0,1701766800000,1701734400000
2023-12-05 09:53:20,753,1034,261,107,41.285,1,0,1701770000000.0,1701766800000,1701734400000
2023-12-05 09:53:20,753,1034,306,126,42.043,1,0,1701770000000.0,1701766800000,1701734400000
2023-12-05 09:53:20,753,1034,279,105,37.171,1,0,1701770000000.0,1701766800000,1701734400000
2023-12-05 09:53:20,753,1034,283,109,38.521,1,0,1701770000000.0,1701766800000,1701734400000
2023-12-05 09:53:20,753,1034,300,121,41.627,1,0,1701770000000.0,1701766800000,1701734400000
2023-12-05 09:53:20,753,1034,330,135,47.014,1,0,1701770000000.0,1701766800000,1701734400000
2023-12-05 09:53:20,753,1034,295,104,43.993,1,0,1701770000000.0,1701766800000,1701734400000
2023-12-05 09:53:20,753,1034,289,140,35.291,1,0,1701770000000.0,1701766800000,1701734400000
2023-12-05 09:53:20,753,1034,251,99,38.806,1,0,1701770000000.0,1701766800000,1701734400000
2023-12-05 12:40:00,753,1034,272,116,41.428,1,0,1701780000000.0,1701777600000,1701734400000
2023-12-05 12:40:00,753,1034,260,110,34.882,1,0,1701780000000.0,1701777600000,1701734400000
2023-12-05 12:40:00,753,1034,287,130,38.171,1,0,1701780000000.0,1701777600000,1701734400000
2023-12-05 12:40:00,753,1034,262,117,35.361,1,0,1701780000000.0,1701777600000,1701734400000
2023-12-05 12:40:00,753,1034,290,121,37.801,1,0,1701780000000.0,1701777600000,1701734400000
2023-12-05 12:40:00,753,1034,252,94,34.065,1,0,1701780000000.0,1701777600000,1701734400000
2023-12-05 12:40:00,753,1034,270,99,48.79,1,0,1701780000000.0,1701777600000,1701734400000
2023-12-05 12:40:00,753,1034,387,167,56.475,1,0,1701780000000.0,1701777600000,1701734400000
2023-12-05 12:40:00,753,1034,285,127,46.323,1,0,1701780000000.0,1701777600000,1701734400000
2023-12-05 12:40:00,753,1034,303,112,51.133,1,0,1701780000000.0,1701777600000,1701734400000
2023-12-05 12:40:00,753,1034,330,142,47.463,1,0,1701780000000.0,1701777600000,1701734400000
2023-12-05 12:40:00,753,1034,323,149,53.864,1,0,1701780000000.0,1701777600000,1701734400000
2023-12-05 12:40:00,753,1034,317,136,52.691,1,0,1701780000000.0,1701777600000,1701734400000
2023-12-05 12:40:00,753,1034,349,144,50.547,1,0,1701780000000.0,1701777600000,1701734400000
2023-12-05 12:40:00,753,1034,330,145,50.258,1,0,1701780000000.0,1701777600000,1701734400000
2023-12-05 12:40:00,753,1034,332,132,51.515,1,0,1701780000000.0,1701777600000,1701734400000
2023-12-05 12:40:00,753,1034,344,138,50.07,1,0,1701780000000.0,1701777600000,1701734400000
2023-12-05 12:40:00,753,1034,357,154,51.505,1,0,1701780000000.0,1701777600000,1701734400000
2023-12-05 12:40:00,753,1034,359,133,57.155,1,0,1701780000000.0,1701777600000,1701734400000
2023-12-05 12:40:00,753,1034,374,143,54.534,1,0,1701780000000.0,1701777600000,1701734400000
2023-12-05 12:40:00,753,1034,343,129,58.954,1,0,1701780000000.0,1701777600000,1701734400000
2023-12-05 12:40:00,753,1034,396,152,60.811,1,0,1701780000000.0,1701777600000,1701734400000
2023-12-05 12:40:00,753,1034,408,182,63.339,1,0,1701780000000.0,1701777600000,1701734400000
2023-12-05 12:40:00,753,1034,430,164,62.737,1,0,1701780000000.0,1701777600000,1701734400000
2023-12-05 12:40:00,753,1034,447,171,67.245,1,0,1701780000000.0,1701777600000,1701734400000
2023-12-05 12:40:00,753,1034,387,175,53.833,1,0,1701780000000.0,1701777600000,1701734400000
2023-12-05 12:40:00,753,1034,411,171,57.821,1,0,1701780000000.0,1701777600000,1701734400000
2023-12-05 12:40:00,753,1034,391,152,59.845,1,0,1701780000000.0,1701777600000,1701734400000
2023-12-05 12:40:00,753,1034,398,152,56.264,1,0,1701780000000.0,1701777600000,1701734400000
2023-12-05 12:40:00,753,1034,392,145,62.636,1,0,1701780000000.0,1701777600000,1701734400000
2023-12-05 12:40:00,753,1034,408,154,62.985,1,0,1701780000000.0,1701777600000,1701734400000
2023-12-05 12:40:00,753,1034,364,141,57.85,1,0,1701780000000.0,1701777600000,1701734400000
2023-12-05 12:40:00,753,1034,353,121,54.007,1,0,1701780000000.0,1701777600000,1701734400000
2023-12-05 15:26:40,753,1034,85,38,13.859,1,0,1701790000000.0,1701788400000,1701734400000
2023-12-05 15:26:40,753,1034,119,42,15.944,1,0,1701790000000.0,1701788400000,1701734400000
2023-12-05 15:26:40,753,1034,92,38,12.611,1,0,1701790000000.0,1701788400000,1701734400000
2023-12-05 15:26:40,753,1034,88,40,11.709,1,0,1701790000000.0,1701788400000,1701734400000
2023-12-05 15:26:40,753,1034,76,35,11.489,1,0,1701790000000.0,1701788400000,1701734400000
2023-12-05 15:26:40,753,1034,114,56,13.67,1,0,1701790000000.0,1701788400000,1701734400000
2023-12-05 15:26:40,753,1034,102,47,27.21,1,0,1701790000000.0,1701788400000,1701734400000
2023-12-05 15:26:40,753,1034,80,32,13.023,1,0,1701790000000.0,1701788400000,1701734400000
2023-12-05 15:26:40,753,1034,91,41,20.012,1,0,1701790000000.0,1701788400000,1701734400000
2023-12-05 15:26:40,753,1034,68,25,11.465,1,0,1701790000000.0,1701788400000,1701734400000
2023-12-05 15:26:40,753,1034,81,34,11.79,1,0,1701790000000.0,1701788400000,1701734400000
2023-12-05 15:26:40,753,1034,89,33,12.808,1,0,1701790000000.0,1701788400000,1701734400000
2023-12-05 15:26:40,753,1034,79,42,11.404,1,0,1701790000000.0,1701788400000,1701734400000
2023-12-05 15:26:40,753,1034,102,48,13.115,1,0,1701790000000.0,1701788400000,1701734400000
2023-12-05 15:26:40,753,1034,94,55,10.815,1,0,1701790000000.0,1701788400000,1701734400000
2023-12-05 15:26:40,753,1034,104,44,14.28,1,0,1701790000000.0,1701788400000,1701734400000
2023-12-05 15:26:40,753,1034,186,82,22.823,1,0,1701790000000.0,1701788400000,1701734400000
2023-12-05 15:26:40,753,1034,115,51,14.356,1,0,1701790000000.0,1701788400000,1701734400000
2023-12-05 15:26:40,753,1034,109,44,14.65,1,0,1701790000000.0,1701788400000,1701734400000
2023-12-05 15:26:40,753,1034,229,97,30.564,1,0,1701790000000.0,1701788400000,1701734400000
2023-12-05 15:26:40,753,1034,232,87,32.581,1,0,1701790000000.0,1701788400000,1701734400000
2023-12-05 15:26:40,753,1034,196,78,25.847,1,0,1701790000000.0,1701788400000,1701734400000
2023-12-05 15:26:40,753,1034,207,94,25.934,1,0,1701790000000.0,1701788400000,1701734400000
2023-12-05 15:26:40,753,1034,201,98,26.775,1,0,1701790000000.0,1701788400000,1701734400000
2023-12-05 15:26:40,753,1034,191,70,28.069,1,0,1701790000000.0,1701788400000,1701734400000
2023-12-05 15:26:40,753,1034,205,79,30.29,1,0,1701790000000.0,1701788400000,1701734400000
2023-12-05 15:26:40,753,1034,163,64,22.245,1,0,1701790000000.0,1701788400000,1701734400000
2023-12-05 15:26:40,753,1034,149,60,19.775,1,0,1701790000000.0,1701788400000,1701734400000
2023-12-05 15:26:40,753,1034,155,52,22.245,1,0,1701790000000.0,1701788400000,1701734400000
2023-12-05 15:26:40,753,1034,168,84,21.803,1,0,1701790000000.0,1701788400000,1701734400000
2023-12-05 15:26:40,753,1034,155,57,21.725,1,0,1701790000000.0,1701788400000,1701734400000
2023-12-05 15:26:40,753,1034,134,53,17.351,1,0,1701790000000.0,1701788400000,1701734400000
2023-12-05 15:26:40,753,1034,161,52,21.245,1,0,1701790000000.0,1701788400000,1701734400000
2023-12-05 18:13:20,753,1034,33,18,4.491,1,0,1701800000000.0,1701799200000,1701734400000
2023-12-05 18:13:20,753,1034,51,25,6.896,1,0,1701800000000.0,1701799200000,1701734400000
2023-12-05 18:13:20,753,1034,35,13,5.687,1,0,1701800000000.0,1701799200000,1701734400000
2023-12-05 18:13:20,753,1034,37,15,5.939,1,0,1701800000000.0,1701799200000,1701734400000
2023-12-05 18:13:20,753,1034,40,11,6.33,1,0,1701800000000.0,1701799200000,1701734400000
2023-12-05 18:13:20,753,1034,32,17,4.087,1,0,1701800000000.0,1701799200000,1701734400000
2023-12-05 18:13:20,753,1034,43,15,6.206,1,0,1701800000000.0,1701799200000,1701734400000
2023-12-05 18:13:20,753,1034,63,36,9.231,1,0,1701800000000.0,1701799200000,1701734400000
2023-12-05 18:13:20,753,1034,37,17,5.798,1,0,1701800000000.0,1701799200000,1701734400000
2023-12-05 18:13:20,753,1034,46,17,7.964,1,0,1701800000000.0,1701799200000,1701734400000
2023-12-05 18:13:20,753,1034,47,19,6.872,1,0,1701800000000.0,1701799200000,1701734400000
2023-12-05 18:13:20,753,1034,50,18,6.63,1,0,1701800000000.0,1701799200000,1701734400000
2023-12-05 18:13:20,753,1034,50,23,6.798,1,0,1701800000000.0,1701799200000,1701734400000
2023-12-05 18:13:20,753,1034,61,31,8.573,1,0,1701800000000.0,1701799200000,1701734400000
2023-12-05 18:13:20,753,1034,49,19,7.056,1,0,1701800000000.0,1701799200000,1701734400000
2023-12-05 18:13:20,753,1034,51,16,7.839,1,0,1701800000000.0,1701799200000,1701734400000
2023-12-05 18:13:20,753,1034,78,39,12.117,1,0,1701800000000.0,1701799200000,1701734400000
2023-12-05 18:13:20,753,1034,67,25,11.041,1,0,1701800000000.0,1701799200000,1701734400000
2023-12-05 18:13:20,753,1034,41,18,6.232,1,0,1701800000000.0,1701799200000,1701734400000
2023-12-05 18:13:20,753,1034,41,15,5.661,1,0,1701800000000.0,1701799200000,1701734400000
2023-12-05 18:13:20,753,1034,32,19,5.76,1,1,1701800000000.0,1701799200000,1701734400000
